task_id,score
12,0.14003502
537,0.146241
598,0.30482596
826,0.42573
1057,0.07084067
1159,0.43796095
1237,0.20917794
1252,0.3125538
1306,0.17451784
1601,0.3243513
1759,0.2283273
1785,0.22284643
2096,0.12873855
2103,0.46484536
2275,0.14426167
2342,0.17061767
2550,0.38761887
2805,0.29005566
2888,0.09578457
2993,0.40361825
3022,0.35401335
3045,0.28006276
3069,0.23261222
3163,0.22366305
3254,0.07093843
3597,0.17948401
3622,0.22151138
3697,0.22507623
3901,0.06317352
3961,0.24790782
3978,0.1994768
3998,0.10475233
4183,0.08728102
4336,0.22035322
4386,0.26335123
4442,0.17183065
4498,0.34214565
4532,0.25090387
4625,0.21931167
4745,0.20319742
4905,0.30101293
5136,0.27852675
5227,0.18502964
5242,0.39605892
5335,0.099321745
5371,0.24656567
5527,0.12255213
5530,0.060951754
5626,0.35095233
5773,0.26655716
5787,0.18191658
5861,0.38950077
6204,0.1380333
6241,0.1650297
6289,0.31756294
6342,0.2915965
6349,0.20477465
6402,0.2675352
6484,0.30976716
6604,0.25913963
6620,0.40862072
6667,0.16283882
6816,0.2949994
6821,0.24203001
6837,0.3674707
6850,0.16114914
6929,0.22187433
6936,0.13952656
7202,0.21214962
7225,0.24390885
7226,0.24587207
7237,0.37214175
7312,0.14783844
7317,0.19450805
7393,0.24409857
7403,0.40768254
7601,0.20763846
8333,0.11003297
8611,0.11352157
8717,0.1902929
9001,0.09251162
9004,0.25522768
9007,0.19460486
9038,0.26436016
9039,0.20986572
9134,0.25843737
9198,0.23552813
9210,0.24048892
9230,0.40811014
9374,0.43991572
9387,0.27705416
9434,0.22656722
9565,0.16985
9829,0.18864104
9840,0.22459382
9872,0.45722452
9888,0.22353049
10199,0.2821566
10229,0.3240398
10253,0.2141876
10345,0.0630865
10415,0.24506427
10432,0.41883284
10630,0.2520727
10773,0.30131823
10807,0.12648976
10842,0.1505408
10843,0.11938359
10936,0.20074145
11201,0.22294134
11210,0.34497187
11246,0.31836832
11282,0.33031517
11302,0.23185192
11425,0.28618032
11427,0.09937095
11476,0.18644778
11578,0.2709514
12283,0.3232479
12303,0.14222209
12411,0.1406376
12532,0.15668213
12575,0.30755746
12818,0.39715093
12864,0.12103783
12943,0.19792071
13013,0.2530272
13099,0.07190241
13271,0.45064065
13433,0.24974447
13626,0.37315083
13796,0.33295166
13806,0.16036738
13868,0.13034119
13918,0.3568301
13924,0.24469821
13944,0.37844974
13997,0.21466641
14084,0.24685355
14230,0.056251783
14280,0.19202362
14482,0.23187365
14800,0.28506288
14918,0.21770196
14942,0.3116721
14955,0.21247049
15037,0.24915709
15060,0.4372806
15116,0.29919285
6,0.23464033
35,0.13734204
39,0.052147828
42,0.25568974
56,0.29291975
77,0.41926864
101,0.044076636
119,0.17887753
138,0.26256287
184,0.10351062
204,0.23017476
208,0.12248009
209,0.29695585
223,0.18532269
229,0.37122798
234,0.116387896
245,0.072035566
279,0.26399836
283,0.07911849
300,0.08648039
301,0.07193451
322,0.05131582
325,0.38567266
328,0.2503191
339,0.20233804
385,0.060104832
399,0.2596037
403,0.2630661
425,0.14975566
438,0.08987442
468,0.15105361
474,0.26629713
477,0.20002721
483,0.15208334
496,0.23910666
498,0.1934809
511,0.32804263
531,0.30601504
534,0.17957154
543,0.041194793
546,0.092479765
563,0.3833664
592,0.010710737
594,0.025507795
604,0.43539906
612,0.21723138
617,0.12774785
634,0.24768695
654,0.03908538
675,0.23480102
679,0.049089085
681,0.109784044
688,0.12645066
689,0.08499312
692,0.10756025
708,0.16421495
713,0.06367795
739,0.39261043
753,0.33432755
754,0.21256606
761,0.36687237
771,0.26732576
800,0.009650541
803,0.19415502
844,0.032953475
858,0.15979217
866,0.3187356
900,0.34294397
931,0.13704626
951,0.059107065
1023,0.10245672
1035,0.13770904
1042,0.28042373
1044,0.096627176
1069,0.12551175
1102,0.12795739
1111,0.18253838
1126,0.07575118
1143,0.014214184
1150,0.057203125
1151,0.35575232
1156,0.109036505
1158,0.14430286
1184,0.14345142
1194,0.14018637
1206,0.47139126
1227,0.025932884
1230,0.26973674
1243,0.052097205
1251,0.28521207
1266,0.043360803
1312,0.09039028
1313,0.2194572
1320,0.01964646
1336,0.16524245
1339,0.10482406
1343,0.2393796
1370,0.17701033
1389,0.4323614
1390,0.08973242
1411,0.044361476
1428,0.2625295
1448,0.24302769
1465,0.22436011
1490,0.41423276
1505,0.23511161
1537,0.45066014
1566,0.032411616
1577,0.03313955
1588,0.048762426
1597,0.3236909
1631,0.115733355
1632,0.08915697
1651,0.33407342
1653,0.1270701
1678,0.1272294
1694,0.05497134
1703,0.35823736
1710,0.09208957
1722,0.041949484
1727,0.36943182
1731,0.19241884
1743,0.25000286
1753,0.08577386
1758,0.37986583
1795,0.0771565
1806,0.03640916
1820,0.21364558
1835,0.37813792
1874,0.19204053
1887,0.13561055
1912,0.11164336
1922,0.3631723
1940,0.19234052
1944,0.2981687
1953,0.01616127
1961,0.101662256
1968,0.115798935
1970,0.11478547
1990,0.32641578
1991,0.10040988
2013,0.1838962
2046,0.066255756
2051,0.074458905
2085,0.20880279
2107,0.3390048
2116,0.12973848
2117,0.054838397
2137,0.08270259
2152,0.015582638
2154,0.46980646
2179,0.07508302
2185,0.03626161
2234,0.1435454
2289,0.14596775
2293,0.38912216
2310,0.026771482
2314,0.11591521
2326,0.21777393
2337,0.105678625
2338,0.17494905
2340,0.3286164
2345,0.19204554
2360,0.044443075
2391,0.3380259
2392,0.10340378
2413,0.021414971
2427,0.23756267
2432,0.11185939
2459,0.22054823
2488,0.0817277
2499,0.25870836
2504,0.07902745
2523,0.16264188
2527,0.21719712
2528,0.20431624
2559,0.119298175
2564,0.17509396
2566,0.25014842
2578,0.46485952
2583,0.34162396
2589,0.36007017
2592,0.16676107
2600,0.27614164
2640,0.21489015
2675,0.21915424
2678,0.078527875
2682,0.49092355
2697,0.17080554
2702,0.21608923
2725,0.18602331
2733,0.017197972
2755,0.13719903
2764,0.1567944
2800,0.022555418
2835,0.029373998
2889,0.059832294
2890,0.4182754
2899,0.08035873
2938,0.13653329
2951,0.11566565
2996,0.27732688
3006,0.17084605
3034,0.054059252
3036,0.28616524
3039,0.16252676
3063,0.013534747
3072,0.49977422
3092,0.1665641
3093,0.15023188
3155,0.10706072
3157,0.031582624
3158,0.08027983
3240,0.11507196
3295,0.19253792
3308,0.11380015
3320,0.09675222
3323,0.2691216
3337,0.18016599
3338,0.087460235
3349,0.40161788
3357,0.066069126
3367,0.23941022
3387,0.14344633
3390,0.1970921
3397,0.06898844
3405,0.03300845
3406,0.11511547
3409,0.33859074
3464,0.05977574
3468,0.17547281
3484,0.14170857
3499,0.051140297
3502,0.2666037
3507,0.036167353
3531,0.20057632
3543,0.21030511
3545,0.34963652
3554,0.22615384
3558,0.039744146
3564,0.37451237
3610,0.12380383
3615,0.15709694
3631,0.1446366
3642,0.28412774
3643,0.10842135
3657,0.29354596
3680,0.04813931
3692,0.053852353
3714,0.16208884
3740,0.094436154
3753,0.048322093
3817,0.2928273
3819,0.20252262
3832,0.20314054
3860,0.07816573
3873,0.04332073
3907,0.039941557
3923,0.06427163
3964,0.18972869
3990,0.18665285
4008,0.029211795
4026,0.052051432
4033,0.19744472
4043,0.058036428
4049,0.019841611
4061,0.09238343
4066,0.02231051
4074,0.12493071
4120,0.16447546
4139,0.05857513
4140,0.19904827
4163,0.18065272
4171,0.44205728
4178,0.08799411
4184,0.044555966
4186,0.16709314
4206,0.19244881
4210,0.310491
4222,0.025750296
4234,0.28931627
4250,0.2184092
4311,0.07310857
4323,0.046122078
4330,0.08441401
4337,0.14243235
4363,0.0672947
4369,0.29363286
4374,0.10657739
4380,0.029334558
4411,0.08158812
4469,0.17345583
4472,0.32854676
4521,0.012025359
4530,0.12915216
4565,0.22516237
4576,0.09458558
4595,0.18914375
4610,0.06851318
4624,0.09122378
4651,0.45256785
4656,0.19769761
4657,0.16629145
4663,0.32730982
4679,0.1688254
4680,0.053033978
4688,0.22365117
4690,0.11261389
4698,0.18237038
4721,0.05323903
4723,0.23880324
4730,0.07497006
4787,0.09206874
4797,0.059535306
4809,0.33222377
4814,0.3394328
4848,0.031586792
4851,0.095878996
4862,0.02279586
4875,0.19483839
4888,0.3192576
4910,0.14284365
4915,0.089989305
4976,0.04406396
4990,0.0755295
4998,0.065804854
5014,0.29815784
5037,0.117185876
5045,0.09650852
5050,0.2699623
5051,0.0996864
5089,0.085424
5098,0.3480601
5103,0.2637851
5120,0.3886244
5132,0.18610828
5146,0.007219071
5160,0.21684492
5214,0.47220424
5230,0.01859781
5236,0.17191364
5273,0.13797744
5287,0.13675918
5291,0.20617716
5338,0.068550475
5381,0.11149349
5401,0.18006915
5412,0.09057281
5414,0.017956907
5422,0.17766057
5424,0.22473666
5434,0.07293378
5448,0.09213572
5476,0.13172661
5514,0.3803647
5517,0.08262658
5524,0.036869492
5525,0.070611335
5539,0.15772249
5542,0.19894291
5548,0.14521843
5576,0.090736255
5587,0.17926496
5634,0.0892961
5665,0.11852243
5668,0.2950591
5675,0.19964428
5690,0.5028105
5694,0.20163324
5695,0.23760082
5715,0.044733796
5721,0.050351333
5729,0.24644601
5736,0.036559463
5756,0.14767843
5757,0.07596372
5760,0.19337365
5800,0.07118529
5828,0.1287482
5852,0.35031283
5898,0.21476743
5908,0.03827863
5916,0.3107358
5925,0.31343657
5963,0.057447333
5968,0.1060743
5991,0.19432917
6003,0.030074358
6007,0.013809955
6052,0.22541876
6076,0.24653253
6080,0.283274
6083,0.1959569
6084,0.21960913
6092,0.064155266
6113,0.1986744
6119,0.18091354
6140,0.02235278
6180,0.23820037
6193,0.113636486
6203,0.19330019
6309,0.2771574
6313,0.11954378
6322,0.0815877
6323,0.20573513
6376,0.12722678
6377,0.027669724
6384,0.11366169
6404,0.15446067
6412,0.015277061
6414,0.08832837
6420,0.1397011
6426,0.0748286
6427,0.12595822
6430,0.033005517
6438,0.052388653
6479,0.27852997
6483,0.29184282
6487,0.2142172
6563,0.077986196
6565,0.09016545
6570,0.19263971
6585,0.34622556
6628,0.029750636
6649,0.17898214
6663,0.19717506
6695,0.052574225
6697,0.29621196
6730,0.29831252
6744,0.23082718
6755,0.09447775
6822,0.113235496
6839,0.15995023
6859,0.00799286
6904,0.10841804
6917,0.28798357
6921,0.054799482
6940,0.033474024
6953,0.29064736
6974,0.27724963
6975,0.104259096
6982,0.2106652
7001,0.4404174
7006,0.01838384
7011,0.09660845
7026,0.2852775
7048,0.114827
7081,0.4171098
7113,0.3322554
7126,0.1900343
7158,0.12358897
7175,0.44244632
7176,0.062373556
7178,0.5010361
7200,0.26985815
7204,0.101888336
7211,0.26478556
7264,0.06888751
7270,0.16730237
7296,0.17801929
7313,0.14860408
7333,0.18817057
7366,0.27722523
7367,0.12967838
7379,0.083408155
7421,0.17514805
7429,0.101119325
7437,0.27896142
7505,0.0063647795
7539,0.35336268
7625,0.23249047
7638,0.23089574
7642,0.097733736
7645,0.12360321
7664,0.06442833
7724,0.2634516
7747,0.066322945
7777,0.09602505
7822,0.049313292
7827,0.4080602
7842,0.28268513
7851,0.22677435
7854,0.15270549
7862,0.025691278
7869,0.08281247
7871,0.20082965
7903,0.3514496
7928,0.12208223
7934,0.19816838
7941,0.1826525
7957,0.118278116
7968,0.06254525
7969,0.12583913
7978,0.019613884
8005,0.16215746
8020,0.23494984
8059,0.22575086
8084,0.22255555
8088,0.30141398
8089,0.1146659
8118,0.048524395
8123,0.11342991
8137,0.06527516
8158,0.08744328
8162,0.2875143
8172,0.03663431
8174,0.17480087
8177,0.29531556
8196,0.06853526
8203,0.2598963
8216,0.26893023
8227,0.2830112
8236,0.36755008
8298,0.14143896
8366,0.1269845
8367,0.275016
8379,0.22748882
8431,0.25924876
8434,0.28986996
8460,0.3983927
8468,0.09931094
8474,0.3054954
8476,0.18917984
8547,0.07469767
8548,0.1925792
8586,0.19274905
8587,0.05526057
8605,0.06365241
8610,0.22471558
8628,0.34262386
8632,0.057616733
8687,0.09746927
8688,0.2346805
8712,0.18725401
8730,0.21871834
8779,0.08257524
8803,0.3703559
8815,0.20502588
8824,0.20282482
8834,0.29680175
8841,0.15685293
8852,0.031969767
8864,0.05915399
8882,0.33171403
8892,0.3508596
8918,0.4082878
8929,0.14422597
8930,0.04832583
8947,0.21094278
8967,0.06732121
8972,0.18571487
8978,0.33113602
9015,0.020412339
9021,0.1657006
9050,0.23555645
9052,0.12190329
9054,0.18400638
9092,0.21842077
9120,0.061364498
9154,0.29276788
9163,0.16637333
9170,0.24464618
9178,0.08639695
9194,0.044366486
9211,0.04380236
9229,0.19648036
9250,0.090198785
9252,0.21064629
9262,0.18680787
9286,0.13573411
9312,0.041631795
9350,0.14611717
9388,0.41064444
9423,0.07823499
9430,0.15959972
9450,0.16895697
9464,0.0775099
9472,0.34695834
9475,0.075033315
9482,0.19554137
9488,0.19735976
9516,0.13649713
9528,0.19073033
9564,0.019524546
9578,0.14094776
9588,0.11819233
9593,0.019944638
9600,0.049171813
9603,0.052739672
9611,0.25123432
9642,0.07432475
9667,0.19027753
9674,0.16750476
9691,0.23723005
9698,0.17485268
9721,0.020278644
9737,0.05627638
9780,0.1314954
9786,0.105063856
9799,0.11876154
9802,0.19365568
9807,0.30758893
9830,0.09826535
9837,0.1604986
9873,0.049867317
9881,0.14780387
9885,0.19296455
9904,0.29696694
9920,0.15888068
9929,0.21874917
9932,0.02721562
9936,0.17755815
9949,0.049336743
9978,0.050574206
10044,0.11499116
10058,0.118858784
10072,0.25684
10080,0.07747929
10086,0.36218873
10087,0.038547244
10095,0.19529536
10146,0.02031213
10189,0.05593672
10194,0.19013429
10198,0.19735277
10237,0.3279362
10264,0.06384917
10271,0.287332
10298,0.18839838
10318,0.101536326
10344,0.024096185
10351,0.44028535
10381,0.24413997
10405,0.32951123
10419,0.15735435
10428,0.049150143
10430,0.09833471
10442,0.1967416
10445,0.15744232
10470,0.09584282
10486,0.44327405
10498,0.14598785
10499,0.05614693
10538,0.3324287
10574,0.17058872
10610,0.42739764
10616,0.19263637
10619,0.22433615
10629,0.15964015
10632,0.104571156
10636,0.11348937
10654,0.20539284
10671,0.36575514
10673,0.11684477
10677,0.23656142
10693,0.2016478
10704,0.22048473
10723,0.27677208
10726,0.12375229
10746,0.108498044
10755,0.3526209
10764,0.1466767
10765,0.21072502
10776,0.15499267
10793,0.07975718
10796,0.07516639
10814,0.025005404
10846,0.009416071
10868,0.06174887
10898,0.059310067
10917,0.18869741
10925,0.15452814
10958,0.04310737
10980,0.30021808
10983,0.15896332
10989,0.08300986
11003,0.0499733
11047,0.05564013
11067,0.0776611
11071,0.275892
11076,0.062214658
11106,0.2479952
11115,0.23536247
11120,0.038364578
11121,0.05390186
11131,0.39928207
11132,0.15372677
11133,0.09762694
11206,0.2569409
11242,0.083773665
11265,0.31487614
11268,0.075577825
11269,0.23873968
11271,0.31517494
11278,0.07260645
11288,0.18153003
11318,0.012460652
11325,0.043586142
11340,0.07754627
11360,0.028485067
11400,0.123448
11429,0.23314668
11452,0.2833729
11481,0.09926907
11490,0.0022021583
11500,0.19258988
11519,0.12198775
11523,0.31464055
11566,0.11914726
11585,0.023523934
11603,0.07133083
11610,0.317046
11612,0.24101435
11626,0.336065
11629,0.16392395
11634,0.2684851
11641,0.116928026
11662,0.35674816
11668,0.25861695
11671,0.04718418
11672,0.080458395
11674,0.065639965
11685,0.19079046
11700,0.035475202
11722,0.1733918
11735,0.16557552
11741,0.16524662
11777,0.28741473
11802,0.15621296
11805,0.14059739
11809,0.3709114
11813,0.22412348
11814,0.29509836
11817,0.2877855
11834,0.26483715
11856,0.03993256
11858,0.393502
11896,0.013972854
11906,0.017492363
11912,0.036116682
11913,0.17052375
11920,0.2849696
11941,0.06697675
11943,0.24616632
11952,0.19032048
11965,0.3039437
11974,0.05947364
11980,0.07753106
11989,0.056139648
12033,0.00799309
12035,0.036766116
12115,0.022091312
12131,0.16904408
12132,0.29845402
12137,0.14526868
12146,0.028954854
12171,0.51691633
12190,0.324132
12191,0.043013673
12207,0.0367095
12234,0.12188226
12242,0.17975117
12258,0.055388387
12270,0.08839568
12272,0.08467439
12278,0.10921579
12280,0.13228174
12284,0.13169217
12289,0.3543181
12320,0.3620445
12322,0.1275385
12327,0.073031805
12328,0.20808744
12337,0.099142134
12339,0.27200428
12350,0.4532794
12353,0.12547117
12371,0.19937506
12408,0.08943559
12417,0.1487625
12439,0.17726344
12443,0.11632263
12454,0.08037406
12455,0.38014945
12474,0.40897745
12478,0.43249017
12498,0.023467593
12504,0.12461691
12509,0.27063218
12512,0.11948092
12526,0.09497415
12547,0.18515979
12553,0.16987364
12576,0.0447847
12614,0.25788024
12627,0.2889433
12653,0.24816094
12671,0.3202894
12680,0.07188429
12688,0.23367974
12692,0.09645366
12703,0.099973775
12737,0.037839618
12749,0.31985888
12763,0.20134845
12813,0.030499866
12825,0.049782515
12830,0.05410431
12849,0.071197964
12850,0.11527956
12870,0.048968226
12883,0.23932119
12947,0.04039222
12948,0.027011996
12977,0.037711736
12987,0.17872769
13000,0.38079128
13001,0.06822225
13004,0.10093815
13012,0.064781144
13031,0.15106644
13042,0.22003429
13103,0.27706334
13117,0.09950437
13226,0.09065794
13228,0.042672228
13236,0.17178658
13253,0.3479531
13261,0.3435278
13281,0.08333534
13286,0.12301125
13304,0.22161841
13322,0.16031803
13325,0.12095612
13326,0.013911403
13327,0.089889914
13348,0.18940796
13362,0.2761482
13374,0.1863406
13383,0.11566508
13387,0.054444283
13397,0.10531257
13408,0.107457966
13413,0.09534749
13484,0.3418941
13487,0.22595535
13490,0.17733376
13493,0.19284494
13496,0.03219829
13516,0.029003222
13520,0.12532307
13524,0.23502497
13538,0.10626936
13552,0.1555085
13561,0.08669629
13582,0.38857752
13586,0.09320178
13587,0.1609993
13661,0.13977742
13662,0.076496
13670,0.032179352
13678,0.10983353
13688,0.1166246
13689,0.17311686
13690,0.10163174
13695,0.15554518
13719,0.020894114
13732,0.049411293
13735,0.2783203
13760,0.1338567
13797,0.21706425
13803,0.12799513
13816,0.18592288
13831,0.05469486
13836,0.070463054
13842,0.14996547
13853,0.32254994
13885,0.020167869
13908,0.17014763
13920,0.034175467
13926,0.088252604
13929,0.20614786
13942,0.10010038
13983,0.0497507
13987,0.23809019
14000,0.28283083
14012,0.055141173
14013,0.22606878
14024,0.032076765
14031,0.136399
14040,0.17955066
14077,0.12782069
14078,0.36717018
14095,0.119322754
14119,0.12516639
14171,0.1400492
14175,0.07981037
14181,0.4605248
14187,0.1301376
14209,0.093033545
14223,0.050783012
14254,0.1318117
14256,0.015005604
14275,0.28214353
14285,0.04004459
14307,0.23408364
14322,0.12961276
14338,0.23697682
14356,0.12887192
14373,0.35890213
14406,0.08718109
14416,0.22123648
14420,0.038957573
14433,0.25252795
14435,0.14594059
14438,0.1816988
14440,0.06904346
14490,0.20046403
14497,0.2040786
14515,0.4272274
14516,0.080647565
14534,0.1606806
14551,0.114914216
14567,0.29876614
14568,0.19343704
14575,0.26719663
14626,0.43311554
14638,0.1180387
14662,0.07653215
14669,0.13738135
14673,0.17604807
14685,0.1822812
14693,0.06420178
14704,0.05655045
14707,0.1143991
14708,0.042414885
14711,0.07333502
14714,0.2738513
14735,0.12765026
14745,0.17009068
14784,0.19029695
14829,0.27121973
14846,0.025768636
14860,0.042269617
14877,0.10632473
14881,0.16139878
14890,0.1054479
14905,0.22553937
14915,0.16258553
14933,0.1163484
14937,0.21266487
14941,0.02785539
14945,0.12249868
14956,0.104224384
14959,0.12141017
14968,0.2521069
14970,0.009422162
14996,0.19418105
15020,0.051922075
15025,0.18044555
15044,0.26773813
15086,0.28649023
15090,0.16642262
15121,0.24128261
15129,0.19776382
15134,0.07471666
15152,0.3935974
15171,0.07922936
15178,0.118196435
8,0.034639515
16,0.14150071
20,0.2616779
32,0.08538757
33,0.17032999
40,0.091152705
55,0.17491421
64,0.037936747
71,0.11537755
81,0.22633414
94,0.024425726
96,0.2666437
109,0.41265917
120,0.17016356
131,0.39514574
136,0.0580531
141,0.3792055
149,0.05114606
175,0.34590778
190,0.1693129
201,0.025050184
203,0.13537328
205,0.08085149
224,0.2499091
230,0.36873156
235,0.4172934
237,0.06229847
239,0.42955607
244,0.0682502
260,0.09856138
268,0.27235
276,0.108826
281,0.0059426385
291,0.08956882
299,0.5090419
308,0.22980252
311,0.022215653
319,0.06093312
332,0.17432642
360,0.060043003
363,0.44466823
386,0.40598223
387,0.12915088
391,0.2675319
392,0.07706245
393,0.021027971
397,0.41986617
418,0.016309332
419,0.16726401
429,0.15667278
433,0.06803999
436,0.06590418
444,0.096762165
446,0.004906625
451,0.049302332
465,0.20833908
471,0.122978926
482,0.7528967
492,0.032037366
493,0.1056323
517,0.24392535
528,0.37464067
542,0.043466344
551,0.13103373
553,0.01475419
568,0.3011602
575,0.31044504
583,0.06047581
614,0.46700996
635,0.14458275
638,0.007901922
645,0.10803626
646,0.5777451
657,0.20582527
671,0.072472185
684,0.10077703
686,0.019091506
693,0.06555463
698,0.024267348
701,0.16360632
704,0.013518948
722,0.29067355
727,0.0109814005
734,0.083331764
751,0.30074763
757,0.3510273
765,0.048936017
766,0.38482907
792,0.16544896
817,0.075168975
818,0.17445882
834,0.2688185
841,0.28126043
850,0.3601543
851,0.24207588
867,0.4754066
873,0.121166095
875,0.6504887
888,0.06835701
897,0.79680383
906,0.043188836
940,0.024271779
952,0.02525179
963,0.43929225
965,0.22513096
976,0.3296617
983,0.024065593
993,0.23526461
1000,0.124573015
1001,0.041253954
1008,0.2314475
1016,0.66995275
1024,0.4708707
1031,0.02901419
1037,0.24930695
1043,0.04861842
1055,0.050290547
1086,0.65621895
1099,0.51707304
1127,0.067081176
1128,0.42601237
1145,0.029326767
1160,0.05401408
1166,0.06982843
1170,0.38127458
1171,0.11352784
1179,0.14594524
1190,0.042957198
1191,0.10393113
1195,0.12622295
1196,0.04823792
1208,0.17624414
1214,0.0033975516
1222,0.119891286
1225,0.69187385
1231,0.029590674
1234,0.06467922
1241,0.25553262
1247,0.7394744
1257,0.08022088
1261,0.06362494
1295,0.019044908
1300,0.14798722
1308,0.017093208
1326,0.112594694
1330,0.56012875
1362,0.41638762
1368,0.0999454
1375,0.10531073
1382,0.4817841
1384,0.02860688
1386,0.07060523
1387,0.113726094
1401,0.007221603
1404,0.3458139
1417,0.06130365
1425,0.12633826
1435,0.038458895
1469,0.031292398
1475,0.019715415
1484,0.007550552
1488,0.19016288
1498,0.0024599489
1501,0.037808985
1503,0.035373773
1507,0.060991004
1524,0.1107841
1545,0.549317
1561,0.15806775
1567,0.13173041
1568,0.59030175
1581,0.43454146
1589,0.032044478
1596,0.030355874
1609,0.20893857
1616,0.009667623
1622,0.2831809
1623,0.45892736
1628,0.6040916
1634,0.07488423
1639,0.385675
1642,0.5415527
1659,0.042728137
1683,0.45391607
1687,0.07290619
1689,0.3066548
1695,0.03419623
1704,0.07584297
1705,0.17724904
1724,0.40982664
1725,0.096510224
1726,0.060583495
1735,0.13778257
1772,0.08454352
1776,0.07586359
1781,0.04045809
1782,0.00687116
1787,0.22450802
1792,0.0049080574
1793,0.2335328
1812,0.20862296
1819,0.10551378
1823,0.4844877
1834,0.04771791
1845,0.40858287
1848,0.14613837
1864,0.030862074
1899,0.56252205
1901,0.04770229
1907,0.10899945
1924,0.69614017
1927,0.5176554
1929,0.0071418956
1943,0.056391798
1946,0.3370523
1958,0.029518977
1984,0.12201614
1989,0.6210801
2002,0.056340527
2005,0.012178307
2012,0.045536075
2015,0.19845401
2020,0.13459136
2025,0.20684002
2032,0.12999544
2045,0.022766048
2052,0.31159532
2054,0.20112851
2065,0.055666044
2083,0.33112258
2091,0.18677527
2100,0.45137805
2101,0.41003197
2105,0.014451914
2122,0.14270186
2131,0.4255508
2132,0.1551617
2139,0.23871215
2147,0.3297269
2153,0.05865533
2155,0.024510078
2156,0.107702695
2159,0.28843346
2169,0.005699408
2173,0.07234718
2176,0.2132879
2178,0.074307695
2193,0.3296159
2215,0.021342928
2221,0.30121544
2223,0.39847288
2228,0.15286168
2235,0.22245894
2241,0.17130119
2251,0.014827448
2252,0.07139846
2254,0.015579498
2258,0.0062263887
2266,0.28319567
2271,0.041828163
2287,0.11667443
2294,0.28740653
2298,0.13028723
2311,0.45107713
2325,0.531767
2330,0.13082974
2341,0.31222862
2344,0.1282982
2354,0.28450182
2356,0.16965164
2359,0.13881826
2370,0.39723003
2376,0.06131476
2381,0.14075351
2406,0.049282175
2414,0.009145683
2421,0.0623489
2431,0.041587472
2433,0.682791
2447,0.012405254
2467,0.009472031
2470,0.06947821
2479,0.60715073
2480,0.3502606
2491,0.6614996
2492,0.07210634
2493,0.2108968
2497,0.035379812
2506,0.055289175
2515,0.077556096
2520,0.5498185
2524,0.29945084
2526,0.07166515
2529,0.35156092
2532,0.39778408
2551,0.15580758
2552,0.21439737
2572,0.35517767
2588,0.12201447
2590,0.44705278
2594,0.09222334
2606,0.3345132
2624,0.35874498
2630,0.20585316
2636,0.31361803
2643,0.063232586
2647,0.2577643
2671,0.15745035
2685,0.14867172
2686,0.37923655
2694,0.24740417
2707,0.3079458
2711,0.5510918
2717,0.033670865
2720,0.257681
2723,0.07161601
2727,0.0533187
2740,0.09892729
2761,0.04172485
2776,0.106116064
2779,0.017017042
2804,0.5121601
2807,0.019151285
2817,0.039404728
2822,0.10733195
2825,0.22944357
2829,0.1768549
2833,0.17957824
2847,0.22104092
2849,0.00879381
2863,0.06973303
2885,0.23538226
2894,0.23835014
2916,0.32008415
2958,0.011844329
2960,0.053538844
2961,0.6114104
2966,0.15940593
2973,0.15188913
2979,0.06495835
2989,0.032106746
3026,0.09835102
3030,0.065961905
3035,0.032771375
3038,0.061800882
3040,0.27685645
3056,0.03717708
3066,0.36601296
3086,0.026064092
3088,0.08164843
3102,0.60744923
3106,0.25812697
3111,0.27181256
3124,0.1514486
3128,0.6928932
3130,0.011884079
3140,0.19771878
3146,0.73881334
3153,0.26861992
3159,0.22625013
3160,0.22221315
3164,0.18708245
3172,0.53465074
3174,0.29968098
3184,0.29023647
3199,0.096473776
3223,0.005705661
3230,0.2543523
3233,0.06755195
3236,0.51712114
3265,0.06051312
3282,0.36247763
3284,0.26843894
3286,0.32999608
3307,0.48431057
3309,0.09084613
3312,0.15384594
3331,0.07274692
3332,0.43290505
3333,0.14976938
3339,0.16604891
3348,0.4114433
3360,0.3988267
3370,0.033895217
3384,0.33334178
3386,0.22138493
3388,0.17037886
3391,0.09450088
3407,0.037491076
3416,0.024322608
3427,0.33384764
3432,0.059313435
3434,0.26232848
3445,0.39879823
3456,0.11625137
3459,0.12405641
3469,0.22946179
3472,0.409957
3473,0.43861488
3486,0.02965798
3491,0.3732087
3496,0.10606643
3500,0.0256815
3511,0.09131601
3513,0.7298729
3522,0.058940116
3536,0.108506545
3546,0.03537212
3555,0.18578601
3559,0.5049734
3561,0.06474943
3565,0.28396955
3576,0.020698441
3580,0.5422046
3593,0.06874143
3603,0.34255368
3606,0.15614827
3618,0.5717769
3629,0.11591
3637,0.13619383
3653,0.37202656
3665,0.23445082
3666,0.6664514
3684,0.4218233
3695,0.20149414
3696,0.06570352
3700,0.05970685
3707,0.14850976
3717,0.1532803
3723,0.20680252
3744,0.22195795
3745,0.41095915
3776,0.2424694
3777,0.4162792
3781,0.024759041
3785,0.2497384
3795,0.010269576
3806,0.0219088
3822,0.07876731
3836,0.0877137
3861,0.16674298
3869,0.046425324
3872,0.78316253
3878,0.2720423
3883,0.7765712
3891,0.17633477
3899,0.55070466
3902,0.5132639
3908,0.6218656
3917,0.5067194
3939,0.40082976
3947,0.08123306
3953,0.066969655
3967,0.618915
3973,0.19480051
3975,0.18357287
3976,0.29734117
3977,0.061184105
3991,0.5053613
4007,0.022149026
4014,0.056498386
4032,0.042295147
4038,0.401094
4041,0.29952514
4050,0.25786147
4053,0.15954742
4064,0.18746413
4070,0.041165724
4087,0.39263296
4089,0.073383786
4093,0.47910818
4130,0.21390632
4149,0.42565194
4155,0.16207156
4179,0.4345668
4182,0.21864949
4194,0.067295626
4196,0.23540096
4197,0.14204085
4211,0.14836647
4212,0.37229797
4217,0.055198167
4229,0.73716724
4237,0.51293766
4245,0.5618309
4247,0.028952068
4251,0.034092028
4264,0.46702895
4273,0.26694962
4289,0.23744586
4304,0.27832296
4306,0.08791401
4308,0.042460714
4354,0.4655858
4357,0.3829046
4364,0.055547852
4378,0.029246895
4381,0.0644947
4401,0.018890474
4404,0.4684257
4408,0.6192005
4429,0.01322769
4435,0.39387566
4439,0.27752593
4440,0.29637358
4447,0.33668515
4459,0.40395883
4461,0.70132554
4480,0.10773275
4493,0.22531436
4499,0.035130586
4505,0.03772138
4509,0.39969152
4510,0.07110267
4514,0.52774894
4522,0.15940894
4540,0.118286766
4541,0.7040307
4548,0.096054986
4557,0.4716662
4571,0.0133605795
4573,0.036407072
4574,0.26158214
4583,0.6539757
4594,0.22589242
4597,0.47532126
4598,0.45105904
4601,0.09212465
4635,0.49952924
4641,0.015026594
4642,0.049705315
4659,0.23193626
4665,0.246039
4683,0.24818464
4687,0.019852724
4694,0.26879624
4695,0.06837785
4697,0.45658326
4704,0.3804287
4726,0.22572799
4727,0.18413337
4743,0.12607728
4752,0.12175574
4768,0.14159192
4796,0.44492787
4799,0.22691841
4807,0.07869403
4808,0.1266082
4815,0.03880771
4816,0.46058875
4817,0.06482388
4821,0.025853915
4834,0.118011795
4836,0.24089319
4847,0.09066062
4852,0.19683906
4856,0.0593864
4865,0.4979087
4868,0.07362757
4870,0.19874245
4873,0.095792815
4880,0.23196456
4887,0.54116887
4889,0.19934894
4912,0.21448585
4918,0.5165608
4936,0.04144861
4937,0.17935534
4939,0.044360954
4946,0.052161537
4974,0.54166085
4979,0.027700376
4983,0.25011206
4984,0.19181456
4991,0.5036786
4992,0.1314595
5015,0.32389292
5020,0.07175227
5023,0.113845825
5041,0.17278954
5049,0.11991158
5054,0.11516675
5055,0.4548509
5068,0.29982108
5071,0.26718637
5078,0.21735962
5090,0.5955451
5116,0.013799128
5117,0.24130987
5118,0.09353155
5133,0.010664518
5134,0.062144045
5137,0.38945732
5142,0.041574396
5156,0.20520052
5175,0.13041069
5176,0.04111375
5178,0.18657388
5184,0.18922998
5222,0.21025728
5231,0.012220802
5232,0.026250869
5254,0.29135737
5259,0.060815666
5262,0.03668321
5263,0.15734123
5270,0.055384036
5272,0.14333273
5303,0.03246319
5308,0.2743482
5315,0.54753345
5348,0.09659181
5351,0.11445938
5367,0.42695838
5378,0.047561467
5386,0.07372554
5391,0.024535576
5420,0.044712678
5438,0.59092724
5451,0.007263837
5453,0.115258515
5458,0.113911435
5463,0.24129607
5470,0.34951016
5477,0.065521255
5490,0.013980115
5500,0.3103497
5536,0.74713635
5540,0.053622548
5541,0.14701343
5550,0.03204413
5556,0.02285318
5562,0.22900228
5564,0.5665033
5572,0.4054883
5573,0.2857927
5595,0.02718011
5598,0.22821139
5602,0.07928725
5605,0.11412093
5616,0.2797554
5617,0.5637446
5620,0.056260593
5657,0.052419428
5672,0.03311009
5685,0.2000789
5686,0.7303487
5709,0.094684444
5712,0.3045418
5722,0.023677045
5731,0.15445429
5740,0.06417697
5742,0.33995435
5743,0.028310986
5783,0.09662107
5790,0.030062787
5796,0.09050614
5811,0.23787421
5813,0.13742384
5815,0.65085757
5829,0.36310226
5834,0.4117505
5838,0.053364992
5841,0.4044462
5847,0.29292974
5855,0.3198951
5878,0.1938572
5905,0.4831169
5918,0.017753439
5940,0.53035074
5961,0.04969023
5962,0.79189324
5965,0.11295427
5977,0.085444875
5978,0.09976169
5989,0.2008209
5990,0.21602376
5997,0.08806137
6009,0.13203184
6031,0.32176262
6033,0.6065686
6039,0.04058364
6040,0.02852212
6043,0.11228643
6059,0.13558975
6069,0.04273272
6070,0.33768895
6078,0.100375645
6099,0.19669862
6116,0.06902674
6124,0.19774483
6127,0.66312027
6128,0.33988723
6141,0.304565
6146,0.0023230664
6162,0.3463792
6165,0.23059891
6175,0.12271743
6194,0.38116688
6215,0.054911617
6217,0.054717336
6250,0.52413213
6256,0.36787936
6266,0.23955771
6273,0.13404696
6274,0.6279994
6278,0.05084896
6307,0.36588007
6310,0.16883895
6318,0.07192377
6338,0.31426144
6339,0.025499264
6344,0.3917467
6355,0.33520117
6356,0.29312062
6357,0.13462685
6358,0.6505544
6361,0.04368125
6364,0.47000223
6365,0.06061578
6410,0.040390752
6413,0.009952136
6419,0.010694534
6475,0.09074603
6490,0.6632689
6493,0.19477746
6497,0.28487748
6498,0.048817176
6523,0.08068085
6525,0.34144673
6531,0.41235796
6532,0.30742624
6543,0.015200767
6545,0.09704468
6550,0.07320939
6569,0.35838485
6593,0.1757886
6615,0.46684083
6637,0.08315073
6641,0.35432237
6654,0.30046716
6655,0.28339776
6657,0.07480545
6669,0.21594882
6686,0.09130857
6696,0.07626042
6701,0.4148097
6702,0.5207283
6739,0.15231396
6771,0.17936885
6774,0.4439893
6782,0.13593635
6805,0.038172446
6811,0.11350579
6818,0.06801345
6824,0.040961415
6842,0.032396518
6872,0.034873992
6892,0.33508047
6912,0.045322694
6914,0.01755538
6916,0.61711526
6934,0.121616
6938,0.4215479
6952,0.448932
6957,0.17187867
6977,0.10273489
6986,0.043727756
6987,0.16598623
6994,0.2393101
7003,0.29421002
7007,0.40910363
7040,0.605757
7052,0.06382313
7062,0.053530637
7064,0.08809508
7068,0.050080698
7073,0.640947
7078,0.36388975
7082,0.4461872
7088,0.11791599
7093,0.16056496
7104,0.26807827
7142,0.5050775
7149,0.041086152
7172,0.231407
7183,0.318345
7212,0.10596963
7219,0.03025316
7224,0.035880115
7235,0.0631014
7240,0.12960416
7259,0.48471066
7263,0.3635312
7271,0.084717534
7276,0.4441828
7277,0.08278311
7315,0.08451245
7319,0.107196786
7320,0.35731134
7326,0.28708687
7335,0.01707339
7341,0.39556104
7364,0.0063395402
7389,0.2602579
7398,0.038955074
7409,0.6225724
7413,0.2479223
7419,0.17538333
7433,0.0388969
7446,0.20066623
7447,0.06340558
7452,0.11690038
7456,0.015182709
7457,0.06580008
7462,0.39086393
7472,0.3072064
7475,0.05017878
7476,0.081215195
7487,0.5207565
7501,0.06370639
7502,0.032900166
7508,0.05990776
7524,0.27178484
7544,0.01624951
7551,0.052196108
7553,0.017497854
7568,0.009337793
7572,0.10756514
7589,0.16260323
7610,0.17890583
7615,0.6208121
7621,0.0609442
7632,0.24204414
7648,0.13389286
7661,0.39569277
7663,0.07902421
7694,0.028356524
7696,0.058565054
7698,0.06676945
7708,0.48034894
7712,0.14518034
7718,0.30361605
7727,0.06745053
7734,0.4046638
7737,0.38329166
7740,0.2965356
7741,0.44160086
7758,0.30260274
7766,0.170318
7774,0.4094118
7800,0.20406088
7801,0.222616
7812,0.71654594
7834,0.06780833
7836,0.06840233
7848,0.064008474
7855,0.5939495
7892,0.03552864
7895,0.114937164
7913,0.21949922
7915,0.04458737
7916,0.5009421
7922,0.70986694
7927,0.035159342
7939,0.012871634
7942,0.024863398
7949,0.12762077
7958,0.42750564
7963,0.0494451
7964,0.03743543
7986,0.23727259
8009,0.16387475
8015,0.061136633
8019,0.013770399
8031,0.041296463
8033,0.09465898
8056,0.11079891
8069,0.1441819
8074,0.28732777
8090,0.11725545
8095,0.10227123
8100,0.27612537
8124,0.3236888
8125,0.6644559
8141,0.20770517
8161,0.37030575
8183,0.11959113
8188,0.34658995
8204,0.36282548
8215,0.10336156
8217,0.14951645
8220,0.04605514
8241,0.025158105
8281,0.027489066
8284,0.0538579
8293,0.26660755
8303,0.63204694
8304,0.36164877
8329,0.13067809
8353,0.33100748
8359,0.39760938
8370,0.017105388
8373,0.4693708
8374,0.039299794
8410,0.010289408
8419,0.14813575
8422,0.5507057
8428,0.5750539
8437,0.25929105
8441,0.11997595
8444,0.008554382
8452,0.03079269
8457,0.42685822
8464,0.07382091
8480,0.4083432
8486,0.37422425
8496,0.11208684
8506,0.044551034
8509,0.21815017
8513,0.048212115
8529,0.14764316
8534,0.027817786
8539,0.061263632
8541,0.27897087
8570,0.074857876
8572,0.059901666
8575,0.27312478
8580,0.29022488
8599,0.21175233
8602,0.67702127
8607,0.032674335
8624,0.28667438
8629,0.04912081
8633,0.06556326
8638,0.1464635
8643,0.06816801
8653,0.14883587
8655,0.3050002
8658,0.10100878
8665,0.041425884
8673,0.6225435
8682,0.3928989
8692,0.69613826
8694,0.10068856
8700,0.3118517
8702,0.036483
8708,0.024488674
8710,0.12780489
8714,0.096955456
8734,0.22911657
8736,0.28751394
8737,0.5080071
8764,0.08362704
8765,0.034103747
8774,0.14350495
8775,0.022666574
8782,0.10966074
8786,0.47712547
8793,0.16791564
8806,0.17015404
8813,0.4273132
8816,0.28649786
8818,0.026430095
8823,0.11696214
8825,0.18398891
8828,0.06796375
8836,0.1086576
8838,0.24851704
8839,0.22894524
8842,0.011342957
8866,0.049691767
8872,0.13024564
8884,0.11113729
8893,0.40709984
8906,0.060439974
8912,0.26277468
8925,0.30223325
8928,0.5657205
8956,0.34589452
8977,0.08475412
8992,0.42421648
9030,0.043765616
9033,0.1046207
9047,0.20117655
9060,0.49373868
9085,0.16853343
9099,0.7016124
9107,0.3991593
9113,0.2044154
9123,0.46447006
9129,0.15836005
9138,0.04335557
9141,0.09103584
9143,0.061448704
9157,0.23432536
9173,0.14370953
9180,0.05630786
9188,0.08399247
9204,0.5334365
9213,0.2671052
9235,0.11948986
9243,0.071933925
9246,0.16458791
9249,0.5145347
9254,0.62853444
9265,0.06854184
9273,0.0075552706
9278,0.10326217
9283,0.22251846
9307,0.20786442
9308,0.107926525
9314,0.438941
9322,0.6303567
9325,0.6133827
9329,0.1114854
9332,0.07825664
9358,0.53800416
9360,0.03365971
9366,0.12399535
9414,0.056284573
9420,0.097533345
9457,0.29460928
9458,0.094596274
9484,0.05259867
9504,0.3960896
9526,0.18507448
9530,0.47546595
9543,0.024683498
9561,0.050502624
9567,0.052930217
9581,0.4877483
9583,0.15873815
9584,0.044569626
9585,0.20855486
9602,0.046821732
9604,0.024164397
9625,0.22182105
9634,0.06909876
9637,0.04088446
9660,0.27926666
9661,0.2677546
9672,0.12029734
9680,0.4772646
9690,0.2695383
9694,0.098985896
9697,0.18276602
9713,0.691011
9719,0.28973082
9728,0.18641679
9733,0.05629406
9736,0.070586
9738,0.3766109
9750,0.008261735
9753,0.5090803
9757,0.13341214
9790,0.029800614
9797,0.174687
9800,0.049766313
9803,0.1412857
9804,0.37795258
9818,0.7186476
9822,0.05179853
9846,0.20040672
9847,0.25293556
9853,0.46613774
9861,0.273081
9862,0.116059534
9868,0.041888114
9879,0.51501095
9890,0.4277908
9894,0.031176293
9897,0.07553376
9907,0.079034925
9914,0.21347377
9919,0.061203666
9924,0.33900377
9925,0.026382064
9943,0.028066477
9950,0.016366838
9954,0.27166525
9955,0.16958949
9956,0.8111121
9965,0.007251472
9971,0.5771061
9981,0.26682553
9985,0.20235038
9995,0.032489456
9998,0.08927285
10003,0.11421291
10029,0.14117776
10038,0.038154565
10042,0.060409196
10054,0.19391145
10060,0.34280267
10067,0.0185128
10103,0.70324177
10113,0.26537886
10115,0.1988476
10118,0.094597384
10124,0.08385701
10126,0.06089486
10130,0.24756691
10155,0.2819718
10187,0.08820339
10205,0.05221974
10207,0.11828365
10224,0.030926432
10247,0.037489112
10252,0.10074208
10270,0.04866138
10277,0.14053553
10281,0.057123754
10299,0.02018132
10317,0.060449734
10320,0.23580298
10325,0.089023024
10330,0.025524555
10333,0.15278679
10336,0.512177
10347,0.24121442
10356,0.022926707
10361,0.04719046
10363,0.27346626
10376,0.030995794
10378,0.22845834
10391,0.14736827
10400,0.41405565
10418,0.08897242
10420,0.16243713
10424,0.17723352
10450,0.059626915
10465,0.44547856
10472,0.58184165
10487,0.23241965
10501,0.053723108
10513,0.058706455
10544,0.060497276
10573,0.0063811364
10583,0.1355514
10595,0.36335576
10598,0.69591975
10607,0.43313405
10623,0.005741883
10627,0.31977558
10633,0.037705425
10637,0.044248533
10640,0.0984482
10644,0.08780924
10646,0.26410958
10656,0.04686157
10666,0.071725406
10667,0.044301495
10681,0.14563067
10686,0.033752263
10702,0.26746148
10706,0.11793703
10711,0.034126945
10715,0.40099517
10718,0.3384098
10731,0.11404696
10743,0.11961236
10749,0.33716682
10759,0.038742818
10762,0.30008066
10768,0.1008131
10774,0.09209685
10780,0.37964925
10786,0.45909822
10787,0.41287336
10788,0.12808415
10809,0.22262798
10817,0.49065536
10821,0.024862507
10822,0.059467785
10837,0.3881099
10866,0.11505479
10879,0.37168208
10880,0.3913359
10891,0.032682255
10918,0.25950283
10924,0.007872043
10931,0.0601904
10965,0.11551668
10966,0.092123374
10968,0.1916062
10979,0.09003139
10985,0.1719975
10986,0.026047362
11007,0.07904754
11026,0.29982266
11027,0.18688978
11029,0.046230447
11032,0.04239011
11033,0.025237264
11043,0.06354785
11050,0.097882055
11051,0.11838405
11063,0.08881554
11072,0.66733
11080,0.18838249
11081,0.011226915
11098,0.15240242
11099,0.040825505
11101,0.021406783
11117,0.27993923
11139,0.11415443
11159,0.025689008
11186,0.035559107
11196,0.042708658
11199,0.31150907
11219,0.11467287
11224,0.37207094
11225,0.44603297
11226,0.06887097
11235,0.32003137
11236,0.31795093
11243,0.029948983
11248,0.11659478
11261,0.27007577
11311,0.048375025
11316,0.28547588
11321,0.07689735
11324,0.4120362
11334,0.025769662
11345,0.046937913
11349,0.0879225
11359,0.079882465
11372,0.04984702
11383,0.11060842
11391,0.090287596
11395,0.4317373
11397,0.016996587
11420,0.07133475
11421,0.20814419
11424,0.09775213
11437,0.20632812
11445,0.047934487
11462,0.0515953
11466,0.1708186
11473,0.13833533
11489,0.1540476
11494,0.027581682
11499,0.24924116
11504,0.12168412
11510,0.082040906
11511,0.4569808
11512,0.037935387
11520,0.016127225
11539,0.6944234
11555,0.096088454
11559,0.27416727
11561,0.37706167
11564,0.2620779
11572,0.14858623
11580,0.023861425
11596,0.039759822
11597,0.1987463
11617,0.12988025
11651,0.2017101
11657,0.27560943
11659,0.057820287
11678,0.035379846
11693,0.10826953
11701,0.08573947
11711,0.5647081
11726,0.44415966
11740,0.18307485
11742,0.5328969
11756,0.19956662
11758,0.46213967
11759,0.060557522
11761,0.30705312
11769,0.13790315
11773,0.30470884
11774,0.060650732
11788,0.03368514
11792,0.12231578
11799,0.54694027
11806,0.3498865
11807,0.08963385
11830,0.075495735
11843,0.36617935
11846,0.16906652
11847,0.02894499
11851,0.5778639
11853,0.04016
11889,0.16583566
11892,0.060355827
11902,0.7030755
11919,0.49645007
11925,0.4687111
11933,0.029256966
11961,0.044322636
11968,0.10838686
11973,0.31046256
11975,0.029395308
11981,0.08065421
11984,0.055624176
12002,0.59331316
12010,0.267279
12018,0.28626317
12022,0.15458065
12030,0.44178045
12034,0.21489471
12064,0.35116163
12068,0.07630747
12079,0.16040568
12088,0.02748569
12089,0.54075754
12103,0.26298583
12106,0.08833878
12107,0.016188413
12113,0.17784633
12116,0.01564658
12148,0.2844641
12155,0.21902424
12170,0.63980013
12172,0.04474574
12175,0.022454029
12179,0.14825507
12182,0.39344972
12183,0.38298038
12185,0.37284994
12206,0.03626304
12216,0.062262654
12217,0.055384047
12222,0.09963491
12224,0.48819864
12237,0.33399534
12256,0.24728808
12260,0.74685323
12263,0.15644579
12266,0.1164705
12273,0.80553734
12285,0.05439868
12287,0.30652136
12300,0.09660475
12301,0.028410684
12310,0.05737887
12313,0.046411935
12318,0.12922613
12321,0.35533246
12342,0.009283474
12358,0.13235359
12370,0.44234484
12375,0.02139189
12383,0.24123687
12386,0.028241187
12406,0.023749642
12409,0.08373217
12415,0.2405611
12426,0.516921
12431,0.037565462
12437,0.5073645
12450,0.11978273
12451,0.010982436
12453,0.647872
12472,0.0566188
12477,0.3355377
12479,0.046982702
12480,0.2687593
12483,0.23851255
12489,0.055852756
12493,0.08791172
12515,0.115264595
12517,0.23442474
12521,0.056927565
12525,0.6407149
12530,0.12124676
12537,0.0098855095
12548,0.1757825
12567,0.005124184
12568,0.0637101
12590,0.5238745
12594,0.011192145
12595,0.041708384
12597,0.1118774
12606,0.2285557
12609,0.15579909
12635,0.13097413
12642,0.32062963
12643,0.010064139
12662,0.39907038
12676,0.03128018
12691,0.0965238
12699,0.20847663
12704,0.06005779
12726,0.026297092
12746,0.102333784
12765,0.116542384
12767,0.030674111
12769,0.12651314
12777,0.052303255
12778,0.35270616
12785,0.04447801
12790,0.29398224
12801,0.5584359
12808,0.0870031
12815,0.17375556
12829,0.054382853
12840,0.16724989
12843,0.16712911
12848,0.10252298
12853,0.36073402
12856,0.09015912
12886,0.081014924
12896,0.21194826
12898,0.0855746
12905,0.21620986
12911,0.11626865
12927,0.12526287
12936,0.052053213
12942,0.063212276
12950,0.21499424
12956,0.26097175
12970,0.09345515
12991,0.2080374
12994,0.025919348
12995,0.004698885
13005,0.09617029
13011,0.07985537
13018,0.045618653
13023,0.07503602
13025,0.4776917
13028,0.5586968
13047,0.6874077
13050,0.10105593
13071,0.0956395
13089,0.4651949
13109,0.45995444
13115,0.10763696
13130,0.60578084
13131,0.26875862
13134,0.18028988
13139,0.021180488
13163,0.6105088
13170,0.023772692
13190,0.30420065
13195,0.32525143
13243,0.409523
13263,0.068102
13275,0.26956293
13284,0.29455334
13292,0.11532661
13317,0.0023679503
13338,0.3495563
13339,0.0032631475
13357,0.069579475
13364,0.4627535
13381,0.030429998
13394,0.021574134
13399,0.16479938
13406,0.48405263
13426,0.06883978
13435,0.13637139
13437,0.1531474
13442,0.5989653
13447,0.04728658
13461,0.10870712
13465,0.20321928
13472,0.1467961
13480,0.034185372
13483,0.018282328
13485,0.015653947
13489,0.06811272
13492,0.17800912
13503,0.6655521
13518,0.68451834
13522,0.4834307
13547,0.11553241
13557,0.101246715
13565,0.6456926
13573,0.013935167
13593,0.5428992
13619,0.25700623
13621,0.33291495
13624,0.45489594
13634,0.1904832
13653,0.69637907
13658,0.09015403
13659,0.014031267
13663,0.28245637
13664,0.06324632
13665,0.2809775
13667,0.43174577
13668,0.4370468
13679,0.11593557
13680,0.10361491
13685,0.165386
13692,0.50802964
13703,0.24648863
13712,0.075741075
13716,0.19642867
13718,0.008263209
13726,0.0352528
13737,0.37861717
13742,0.16813348
13746,0.04406629
13753,0.04413025
13756,0.23053376
13793,0.022572048
13800,0.39641404
13822,0.10930638
13825,0.14062522
13826,0.009335815
13827,0.5755585
13833,0.15753359
13854,0.057249457
13870,0.6872139
13879,0.39412665
13880,0.077645384
13886,0.13265897
13890,0.0520522
13900,0.35495007
13909,0.025308374
13927,0.03967053
13947,0.2733673
13958,0.17254625
13959,0.16773742
13968,0.044288013
13986,0.29812095
13992,0.14146942
13995,0.021651585
14011,0.16505912
14038,0.030423878
14064,0.7637795
14066,0.4589875
14081,0.10850183
14085,0.37171096
14089,0.13810691
14090,0.23030603
14091,0.56455404
14094,0.21192224
14101,0.4069769
14106,0.15408078
14125,0.007959769
14133,0.113078654
14144,0.101405345
14146,0.5953801
14150,0.11067133
14155,0.28372648
14159,0.029029533
14164,0.16965048
14169,0.021393068
14190,0.040832147
14192,0.07176113
14199,0.6254847
14211,0.045799796
14218,0.12580681
14224,0.07563632
14237,0.064263836
14238,0.05015443
14242,0.41424903
14245,0.010964762
14261,0.22433563
14264,0.034899723
14268,0.07653128
14277,0.13111363
14300,0.401538
14313,0.2421741
14320,0.7325595
14324,0.113816
14329,0.10148711
14330,0.23636162
14336,0.14629556
14357,0.04884548
14370,0.53293484
14377,0.11180287
14388,0.15077549
14396,0.43823507
14401,0.32861713
14415,0.06568703
14417,0.5537374
14419,0.030144444
14455,0.32319623
14458,0.198583
14460,0.06819303
14464,0.077630386
14466,0.19897468
14467,0.09567277
14483,0.04731317
14484,0.036456976
14486,0.33973604
14487,0.20406859
14488,0.38444528
14491,0.14850475
14495,0.4073943
14498,0.117583364
14500,0.08586164
14503,0.151628
14511,0.42298928
14521,0.2528662
14528,0.11368071
14530,0.47377524
14532,0.08363664
14533,0.25794685
14542,0.11085803
14548,0.018850548
14552,0.049551573
14558,0.06849152
14565,0.02158704
14583,0.17319846
14594,0.18249254
14596,0.36175674
14609,0.26794037
14636,0.4169191
14648,0.0880338
14651,0.39738297
14653,0.018621042
14660,0.42152208
14687,0.22065842
14694,0.021574747
14717,0.22138785
14727,0.64311284
14734,0.098222345
14736,0.10107389
14756,0.056158796
14757,0.61814356
14771,0.05891187
14786,0.14519846
14792,0.6968256
14798,0.26287243
14812,0.049424756
14819,0.024277024
14859,0.02360991
14861,0.19205765
14863,0.15851659
14866,0.05456216
14891,0.039052054
14903,0.11942393
14909,0.34751448
14910,0.012914497
14916,0.61954635
14919,0.047032557
14932,0.028542075
14944,0.62088716
14953,0.045567416
14954,0.38596687
14972,0.09131122
14974,0.40372425
14987,0.29988676
14992,0.5252875
14994,0.2762302
15013,0.5132961
15014,0.74642533
15028,0.029643506
15030,0.079663955
15035,0.5792584
15041,0.6328323
15050,0.03588429
15081,0.24917474
15084,0.100767136
15093,0.17744401
15097,0.26479295
15118,0.03262002
15119,0.37512636
15122,0.10319938
15131,0.037817832
15132,0.0144317495
15139,0.12544861
15141,0.4088848
15151,0.11515713
15155,0.041276608
15158,0.41915378
15162,0.059171535
15165,0.20275456
15166,0.23979278
15183,0.08191715
15198,0.55212814
15199,0.100555405
0,0.084015034
1,0.026889812
7,0.10323825
13,0.19556272
23,0.008168614
43,0.018152041
48,0.06531331
57,0.013436811
66,0.13268195
67,0.13553546
69,0.09944749
75,0.25567436
79,0.100459
83,0.10535567
84,0.17202705
85,0.020210778
91,0.0355992
108,0.069207415
124,0.021195235
127,0.17635302
139,0.08202999
143,0.0038637507
145,0.005406095
158,0.49438515
161,0.06649275
178,0.022575036
181,0.22627743
185,0.030075762
195,0.31107384
196,0.028708236
200,0.023131274
213,0.08358728
216,0.032242455
233,0.37867305
243,0.39068335
253,0.021953369
255,0.016481835
258,0.014513929
259,0.051622443
266,0.06387034
274,0.03357838
277,0.0016460959
297,0.031150317
304,0.006983988
314,0.020668864
318,0.24839422
330,0.038531836
343,0.07209604
354,0.12038086
355,0.046547677
368,0.080698796
377,0.048676815
379,0.074908406
382,0.07306525
390,0.028966866
395,0.052681055
400,0.044726025
401,0.045437116
410,0.4887403
412,0.023742246
416,0.027491054
427,0.039547108
440,0.03999462
443,0.27238527
449,0.08118252
452,0.039490003
453,0.10607089
467,0.04670774
473,0.014120587
488,0.07021557
490,0.11740426
499,0.020652093
503,0.07163339
504,0.034981657
516,0.17246075
520,0.05036703
521,0.12962632
523,0.1889419
527,0.016607625
532,0.052601174
533,0.0099033555
539,0.027381022
540,0.1177392
547,0.13164398
549,0.007028691
552,0.18732564
556,0.20111503
557,0.047648348
558,0.01955328
570,0.07239097
576,0.09564938
579,0.051633324
590,0.042772062
593,0.086514756
602,0.103159346
613,0.11955375
616,0.04889197
618,0.04889152
622,0.033600397
624,0.020247065
626,0.035705533
630,0.052227765
631,0.023710303
655,0.12397209
658,0.09238212
659,0.09940659
660,0.22859953
666,0.095695324
672,0.039048765
677,0.027422596
696,0.042182237
703,0.009789616
706,0.014637085
709,0.02317103
716,0.26014006
719,0.06420195
729,0.00837612
731,0.015817923
733,0.30838287
736,0.05134105
748,0.018297663
749,0.08792725
762,0.07942294
764,0.03801057
772,0.022370601
774,0.09781527
775,0.018193988
776,0.18360676
777,0.12869766
788,0.017748699
795,0.018695878
813,0.004670528
819,0.075333655
837,0.043948513
838,0.17123444
840,0.012468387
842,0.009662092
860,0.008554961
861,0.019508816
886,0.08184883
894,0.46745005
896,0.0628946
915,0.04409857
923,0.01620478
926,0.07773549
968,0.044851646
972,0.13355401
977,0.46384197
996,0.0279516
1012,0.026076715
1015,0.05746817
1019,0.16480547
1022,0.040163815
1027,0.026159761
1033,0.044128582
1041,0.010755234
1048,0.012317489
1051,0.15049256
1052,0.018482622
1056,0.1583299
1066,0.16053225
1072,0.011466143
1080,0.02386615
1084,0.095740475
1087,0.023822648
1093,0.037808087
1096,0.22604603
1103,0.08937777
1108,0.13308115
1113,0.30323792
1119,0.012514879
1120,0.04426951
1124,0.2525026
1131,0.01316644
1138,0.13880311
1140,0.0060884864
1154,0.02204616
1163,0.029844481
1172,0.19649462
1181,0.06091937
1182,0.037664983
1188,0.039540753
1197,0.12043221
1207,0.09046633
1209,0.3455012
1212,0.016853437
1215,0.1346635
1218,0.15552586
1235,0.44429582
1240,0.05407491
1244,0.08396657
1246,0.20508823
1248,0.048612136
1249,0.02371775
1265,0.260715
1270,0.035030562
1286,0.23339106
1287,0.047356214
1296,0.024266414
1307,0.023689922
1311,0.2785822
1318,0.028834859
1341,0.12972905
1352,0.06645675
1353,0.16883373
1354,0.08893273
1355,0.103988305
1365,0.033992786
1371,0.055777296
1379,0.008551791
1388,0.05111541
1395,0.118473664
1400,0.04048856
1408,0.11229595
1412,0.18038219
1413,0.35700652
1424,0.011377628
1436,0.10022478
1439,0.029811053
1443,0.13202837
1447,0.042096466
1449,0.028184814
1467,0.032910537
1468,0.020345453
1470,0.05235904
1471,0.008716171
1485,0.020651996
1487,0.034532934
1489,0.057819597
1492,0.012142651
1496,0.07595312
1510,0.13975108
1514,0.0036255557
1519,0.034318734
1520,0.07939749
1522,0.016177762
1527,0.044278592
1529,0.07121651
1530,0.007730712
1532,0.01826698
1536,0.07029581
1538,0.13383822
1540,0.06863766
1541,0.016460108
1543,0.035876147
1544,0.10333643
1546,0.046285354
1557,0.02970727
1559,0.09516291
1565,0.01991868
1582,0.14955491
1593,0.3276047
1600,0.12575503
1613,0.09973544
1630,0.052544866
1637,0.0751931
1640,0.14283495
1648,0.097844265
1658,0.22719838
1661,0.07117921
1662,0.0048212083
1665,0.015764305
1668,0.062314086
1669,0.069597825
1680,0.40040532
1686,0.08292678
1702,0.033583168
1721,0.11581547
1730,0.28808203
1749,0.014086548
1751,0.024159323
1756,0.02874594
1765,0.011773687
1766,0.047595825
1768,0.104389556
1770,0.00730077
1773,0.13306898
1784,0.24323294
1788,0.021957798
1791,0.08698723
1802,0.013460327
1810,0.1193343
1822,0.20102783
1838,0.05414725
1844,0.067131534
1847,0.040525433
1849,0.074832976
1855,0.3257341
1856,0.078986675
1868,0.10727813
1876,0.11082501
1896,0.010124393
1910,0.07670361
1916,0.06465224
1918,0.11030994
1938,0.22054891
1949,0.027665773
1956,0.08787363
1960,0.02533276
1964,0.09405571
1971,0.3702884
1976,0.008887797
1988,0.044237968
2003,0.014791598
2006,0.033065412
2010,0.14555314
2030,0.021225132
2035,0.118206106
2036,0.047787163
2038,0.022855503
2041,0.11253257
2044,0.067355
2053,0.09809678
2057,0.21884944
2059,0.050668053
2060,0.06372498
2062,0.015973317
2073,0.06599961
2075,0.03186505
2080,0.02247689
2082,0.07695101
2093,0.0696073
2097,0.027231675
2099,0.13842882
2102,0.2714976
2111,0.022561368
2119,0.01249137
2123,0.5210899
2126,0.02557218
2130,0.06404752
2133,0.16338964
2138,0.2342471
2142,0.031396247
2158,0.13053009
2177,0.19906159
2188,0.15807629
2200,0.06415868
2214,0.013666294
2216,0.015439462
2222,0.13716868
2230,0.026343657
2239,0.19107014
2240,0.122392885
2243,0.62993747
2249,0.023277415
2253,0.062347814
2257,0.18915914
2260,0.018909639
2265,0.07773745
2285,0.0018179354
2295,0.03801549
2296,0.01757546
2309,0.2234212
2313,0.27070653
2315,0.056864165
2324,0.024544565
2331,0.16596034
2332,0.03673109
2336,0.089276806
2339,0.06466603
2348,0.19914113
2349,0.015192759
2350,0.021547802
2351,0.07175755
2368,0.0138176475
2369,0.038967416
2372,0.12046253
2390,0.047337633
2397,0.016724223
2407,0.18237716
2416,0.097050615
2420,0.039782107
2428,0.2164308
2429,0.119496875
2430,0.075167835
2435,0.029947054
2440,0.030543525
2456,0.10887216
2457,0.11472378
2462,0.042844303
2463,0.014082575
2472,0.059231438
2477,0.06847195
2478,0.10401835
2481,0.1738352
2487,0.046730414
2494,0.09987698
2503,0.16782318
2505,0.027209807
2507,0.101075664
2510,0.19764195
2518,0.047876656
2537,0.041736733
2548,0.023254843
2580,0.04909882
2581,0.32907102
2585,0.090061456
2586,0.13945848
2591,0.21605307
2596,0.028113015
2598,0.10353804
2608,0.03798568
2610,0.010740126
2616,0.030184742
2618,0.023969743
2628,0.06230146
2632,0.16842508
2642,0.038869873
2646,0.01155523
2651,0.0032756485
2677,0.19366075
2681,0.00733923
2724,0.07488102
2735,0.01577044
2743,0.014088747
2748,0.118935995
2763,0.3550898
2772,0.007841745
2783,0.030051097
2794,0.13655432
2796,0.07204134
2797,0.020370904
2821,0.122366324
2823,0.040323474
2828,0.14272173
2830,0.31159443
2843,0.023880992
2850,0.031677
2851,0.022146847
2855,0.023097096
2861,0.013792764
2864,0.11784122
2865,0.02488158
2867,0.12920766
2870,0.04337591
2872,0.044671997
2874,0.14439179
2875,0.06975371
2884,0.0027752998
2886,0.028671766
2895,0.05672095
2898,0.031277668
2903,0.14024273
2904,0.09869661
2906,0.09584224
2935,0.10658114
2937,0.04919646
2940,0.0073270737
2943,0.0961679
2946,0.06795964
2982,0.08014823
2995,0.042611044
3002,0.5960865
3004,0.028460111
3011,0.051735993
3020,0.019312603
3021,0.042227264
3024,0.28002965
3033,0.022723189
3037,0.04010828
3044,0.09427841
3057,0.05156942
3058,0.005750745
3079,0.024363423
3095,0.20329466
3122,0.024905225
3133,0.24829811
3139,0.06474469
3145,0.12589644
3150,0.0821159
3161,0.05192757
3165,0.020032344
3167,0.024932185
3169,0.5549392
3170,0.054568544
3175,0.023817284
3182,0.09116043
3185,0.007322747
3197,0.062274046
3201,0.05633627
3203,0.246955
3211,0.017740555
3213,0.0129213
3222,0.0107937185
3225,0.16829906
3232,0.14342268
3239,0.22350195
3247,0.048771765
3252,0.07359344
3257,0.027650263
3260,0.19430245
3264,0.012318492
3273,0.010389452
3279,0.030071234
3280,0.04105937
3287,0.017183954
3292,0.043599535
3293,0.053189777
3294,0.15706706
3300,0.08509704
3302,0.028903224
3306,0.029964102
3315,0.09932645
3316,0.02088137
3326,0.15864938
3328,0.014931178
3344,0.22859585
3352,0.0059876526
3354,0.03417014
3358,0.04433284
3359,0.2304668
3362,0.04833603
3368,0.0058272365
3371,0.05883797
3373,0.13703577
3381,0.029477933
3382,0.043147717
3396,0.20179026
3401,0.019075537
3411,0.029689392
3429,0.051544573
3430,0.6012711
3436,0.07966134
3452,0.05789244
3455,0.012862089
3457,0.051483244
3471,0.051644925
3487,0.061516367
3514,0.10067363
3530,0.3429363
3535,0.055429865
3540,0.08028994
3560,0.08463493
3563,0.0044261315
3566,0.22241297
3569,0.040161792
3575,0.06825214
3594,0.044073496
3600,0.008947311
3602,0.1622739
3608,0.035161637
3614,0.040105227
3624,0.15041578
3634,0.029111275
3655,0.23106784
3674,0.19887654
3676,0.008955844
3690,0.1369957
3698,0.42602748
3712,0.037502605
3732,0.009315384
3746,0.06005135
3750,0.07679552
3756,0.021416496
3761,0.13345483
3774,0.023433844
3789,0.014251449
3797,0.027500657
3801,0.23763622
3802,0.057049666
3825,0.034449853
3828,0.11985151
3830,0.18041022
3838,0.02386803
3843,0.033008836
3844,0.44601184
3845,0.008201661
3847,0.055978257
3853,0.01928604
3858,0.117948145
3877,0.007635899
3884,0.0295373
3893,0.05958937
3895,0.2994795
3900,0.06028254
3912,0.03824365
3916,0.06892106
3918,0.10880968
3920,0.01801556
3921,0.048368018
3931,0.033924833
3936,0.05674581
3942,0.08079706
3952,0.115519226
3954,0.054680817
3968,0.22030203
3981,0.092491515
3984,0.080345675
3997,0.010270401
3999,0.0599197
4000,0.17215979
4001,0.18550289
4012,0.17905946
4017,0.120798774
4022,0.065015025
4023,0.04387122
4031,0.01398644
4034,0.39954135
4036,0.24167667
4040,0.13679518
4044,0.056100406
4048,0.42649946
4062,0.035719205
4086,0.043849997
4098,0.01414291
4102,0.13225067
4106,0.095687106
4107,0.10633323
4109,0.16276287
4119,0.5238128
4128,0.025942195
4138,0.038845737
4142,0.19410677
4143,0.42410406
4144,0.13925932
4151,0.45094025
4152,0.48556682
4156,0.050348632
4158,0.06442534
4160,0.047658764
4161,0.18932042
4162,0.010488195
4164,0.0047861715
4173,0.15722226
4174,0.20495005
4175,0.024656117
4191,0.15910918
4201,0.05607268
4209,0.03809954
4215,0.12388803
4216,0.025754409
4244,0.049819726
4255,0.035996336
4257,0.43605593
4263,0.012096574
4268,0.36753646
4284,0.26246467
4286,0.024223223
4288,0.047638774
4294,0.021593971
4300,0.24659385
4309,0.27120793
4317,0.11051797
4332,0.03274592
4334,0.06804874
4339,0.05844825
4340,0.061145004
4350,0.014814408
4371,0.11476853
4372,0.024120962
4389,0.3403504
4407,0.024497934
4409,0.016939837
4412,0.01934787
4415,0.03894417
4418,0.04288447
4421,0.008068456
4426,0.30811453
4433,0.06061563
4444,0.010060542
4445,0.25323883
4446,0.06935081
4449,0.08870831
4451,0.014416559
4455,0.15077831
4464,0.11253524
4471,0.025126556
4478,0.019084191
4485,0.22867171
4489,0.039925877
4525,0.055124804
4527,0.1619727
4534,0.0067086974
4544,0.120095104
4545,0.010319158
4549,0.05697194
4554,0.065201476
4585,0.26004478
4605,0.024406077
4619,0.10688244
4621,0.22182247
4633,0.08348206
4637,0.020861328
4643,0.06117997
4647,0.051910903
4648,0.05992565
4658,0.065155916
4660,0.061521195
4689,0.0960645
4692,0.025679767
4702,0.057759725
4706,0.031815704
4708,0.04368548
4712,0.20212558
4722,0.040193867
4733,0.0682139
4734,0.024942389
4738,0.026732365
4739,0.024871495
4740,0.031894732
4758,0.02147655
4760,0.06440945
4766,0.012971729
4781,0.12909658
4789,0.014586939
4801,0.022532726
4812,0.10828273
4819,0.027893942
4826,0.058167297
4830,0.33931616
4833,0.041417006
4839,0.03730541
4840,0.18549679
4854,0.033399776
4858,0.18098736
4861,0.03347427
4864,0.1179237
4871,0.018706506
4890,0.023819158
4892,0.010951714
4897,0.2914825
4898,0.203888
4902,0.029732753
4908,0.10837941
4909,0.023608064
4923,0.035869673
4925,0.1863684
4938,0.05247413
4964,0.052844632
4997,0.27243993
5005,0.1854071
5011,0.015385368
5026,0.2839666
5028,0.33931285
5053,0.111128256
5056,0.18142328
5061,0.38948303
5067,0.055831876
5091,0.06109794
5093,0.026373545
5097,0.007532415
5104,0.11237031
5107,0.02195355
5135,0.07619053
5140,0.06728022
5145,0.04291938
5163,0.025455106
5170,0.106149994
5171,0.011605073
5187,0.13348763
5193,0.047127422
5194,0.05407767
5217,0.059488267
5218,0.10132651
5228,0.022069087
5241,0.14406314
5249,0.07748319
5257,0.050831433
5265,0.009167877
5271,0.18821543
5305,0.20532405
5307,0.12602845
5318,0.11826042
5319,0.06728103
5320,0.1374324
5329,0.040788416
5330,0.05799001
5337,0.097931914
5339,0.16909449
5340,0.095828146
5353,0.015307347
5354,0.09277752
5361,0.018882422
5373,0.08041976
5375,0.20387414
5383,0.053244077
5384,0.027266294
5411,0.082456864
5415,0.048595443
5418,0.013390872
5419,0.1494071
5428,0.13294102
5435,0.035021845
5440,0.031074125
5452,0.3025691
5473,0.0550621
5486,0.03305435
5495,0.0029131258
5496,0.062276296
5499,0.32140702
5507,0.030611219
5528,0.08346834
5533,0.049843352
5549,0.13912226
5558,0.07470024
5560,0.01680966
5568,0.032501467
5583,0.5567855
5594,0.07245712
5599,0.030785961
5600,0.05140786
5606,0.10268933
5607,0.06281963
5611,0.17836393
5622,0.1419303
5623,0.13830821
5637,0.15920301
5641,0.5242162
5652,0.16167937
5674,0.046684407
5683,0.022912621
5689,0.04631594
5691,0.04663838
5693,0.03506772
5696,0.019405717
5711,0.06694803
5718,0.08897999
5719,0.073090404
5723,0.10470314
5726,0.039798137
5727,0.081746385
5730,0.07017904
5735,0.139191
5752,0.3673355
5772,0.49769706
5791,0.121123105
5792,0.011717154
5793,0.059003558
5805,0.07639311
5808,0.022782918
5820,0.40450674
5821,0.32776067
5832,0.074264474
5844,0.35729492
5845,0.027115997
5856,0.06866613
5867,0.14777178
5871,0.40647724
5906,0.084210604
5917,0.059889235
5919,0.014202444
5936,0.049223363
5939,0.011373412
5982,0.051511224
5996,0.068639874
6015,0.0406005
6029,0.11267554
6036,0.019808922
6046,0.17150642
6053,0.47441196
6057,0.09392448
6058,0.4968955
6065,0.14293632
6074,0.011659849
6075,0.013450407
6095,0.06771504
6100,0.011208008
6114,0.080824316
6118,0.069321044
6123,0.036654856
6136,0.13163106
6144,0.04490624
6148,0.0421296
6157,0.011616393
6181,0.04335336
6190,0.072863206
6195,0.029374287
6197,0.023670996
6200,0.038755413
6201,0.08044
6202,0.08673627
6207,0.12788095
6211,0.02827355
6212,0.03160715
6222,0.1521793
6245,0.08282467
6247,0.050871633
6251,0.08371633
6252,0.045344654
6255,0.1050559
6261,0.05524511
6270,0.06264012
6276,0.008100613
6284,0.014819008
6285,0.15602332
6286,0.26149583
6296,0.015301225
6301,0.017299382
6303,0.036595203
6335,0.17559233
6336,0.05085796
6340,0.0777669
6346,0.21621677
6359,0.13777184
6367,0.16844013
6372,0.056749526
6379,0.022625532
6381,0.13122422
6386,0.082946
6392,0.072557375
6394,0.015337058
6395,0.040940218
6401,0.037067708
6403,0.06133759
6406,0.028240753
6408,0.05986383
6429,0.030551432
6432,0.14505382
6437,0.105061874
6441,0.10538053
6448,0.03221021
6453,0.048715383
6457,0.03063007
6460,0.084923126
6477,0.066318795
6488,0.09242902
6495,0.07471613
6500,0.075881064
6504,0.043209497
6506,0.018801084
6512,0.3116345
6533,0.2365197
6534,0.105019435
6546,0.017877113
6547,0.057903353
6549,0.32497373
6568,0.041352063
6583,0.08712493
6602,0.053050123
6616,0.04337577
6621,0.11553765
6626,0.09336775
6632,0.014891626
6638,0.010204864
6642,0.19660278
6645,0.16770881
6647,0.083594605
6648,0.26843083
6651,0.014328993
6664,0.032714974
6665,0.012734442
6679,0.08910333
6680,0.0044887536
6681,0.034156602
6684,0.031565662
6688,0.071955726
6691,0.13539432
6703,0.1083692
6704,0.033625446
6705,0.009550969
6713,0.1378819
6716,0.046519347
6719,0.028976591
6724,0.025332322
6756,0.5857964
6773,0.006277656
6776,0.04286658
6779,0.031411394
6781,0.032225847
6785,0.010624605
6803,0.1399308
6826,0.02234063
6835,0.06425884
6838,0.042476576
6845,0.019412952
6854,0.07761635
6856,0.055534374
6895,0.09344002
6896,0.054125577
6913,0.0180974
6915,0.13806055
6941,0.12849109
6946,0.13787754
6960,0.20959389
6962,0.013586616
6963,0.19355735
6964,0.054113116
6972,0.016175676
6997,0.037238542
7002,0.05859425
7009,0.008013904
7016,0.087899186
7018,0.036456145
7019,0.018760383
7020,0.14797519
7024,0.072357245
7034,0.13122308
7036,0.13241969
7050,0.011522478
7056,0.1078975
7071,0.072735175
7072,0.05299532
7074,0.08918559
7076,0.0051939
7085,0.23542915
7092,0.073901184
7094,0.010329965
7099,0.053870376
7103,0.25541723
7106,0.09905965
7115,0.06767586
7136,0.050329994
7141,0.1426134
7144,0.2853089
7150,0.034802157
7152,0.021445645
7155,0.091593035
7166,0.22804804
7171,0.430998
7184,0.08884231
7187,0.023610175
7190,0.0760846
7191,0.17567363
7195,0.053557664
7208,0.0387482
7216,0.15362455
7217,0.020370496
7218,0.029854028
7229,0.013366928
7234,0.2447515
7236,0.054811046
7238,0.031394344
7244,0.3785574
7250,0.060450178
7258,0.31459853
7260,0.010790419
7262,0.016669363
7272,0.08526904
7273,0.02829937
7274,0.34328574
7278,0.2627833
7279,0.2091484
7284,0.059591614
7305,0.042903356
7309,0.21079825
7316,0.10270544
7322,0.015047908
7327,0.073012866
7330,0.056763113
7332,0.0150032295
7337,0.38063723
7346,0.0038930043
7350,0.11441678
7353,0.040168043
7354,0.035605695
7363,0.0016696205
7370,0.0588763
7381,0.08813285
7386,0.49035057
7395,0.1667362
7407,0.021504806
7408,0.10128517
7414,0.22707453
7423,0.017539753
7427,0.028429726
7430,0.12912343
7431,0.06855399
7439,0.033721387
7444,0.113471285
7451,0.22400178
7459,0.013370369
7463,0.04352663
7468,0.041543152
7469,0.061913103
7478,0.13329262
7480,0.008753146
7483,0.036521606
7499,0.09744465
7509,0.29085314
7516,0.06019593
7527,0.06380175
7531,0.010964474
7534,0.032691993
7535,0.02532822
7536,0.0057249893
7541,0.13192318
7542,0.029040448
7545,0.04136263
7556,0.11814838
7559,0.09020551
7562,0.056593664
7566,0.026269507
7569,0.07170431
7570,0.21463569
7591,0.026176505
7592,0.12544443
7605,0.103256814
7611,0.12700576
7612,0.018294228
7630,0.009270829
7640,0.083627455
7647,0.020506836
7657,0.027179373
7659,0.14497182
7672,0.13088663
7674,0.12557517
7675,0.016083967
7677,0.05162903
7681,0.14314725
7684,0.07990929
7687,0.17616564
7688,0.26607338
7690,0.098461635
7692,0.08631509
7693,0.27444586
7699,0.07687484
7702,0.04958873
7704,0.06696235
7707,0.16645326
7714,0.18944512
7721,0.011651962
7725,0.013337586
7728,0.017188303
7731,0.027357653
7732,0.02020765
7755,0.15290073
7756,0.030360531
7760,0.20195106
7761,0.15438826
7767,0.032396335
7773,0.05364874
7781,0.19690762
7799,0.076954566
7809,0.025200315
7810,0.040443838
7813,0.13557173
7820,0.012793422
7826,0.046528716
7837,0.32884535
7856,0.084398344
7865,0.006432514
7868,0.3104517
7872,0.013901354
7882,0.092399694
7885,0.10593555
7887,0.013435093
7907,0.051965278
7908,0.07622197
7914,0.03298712
7917,0.16105449
7930,0.050901573
7948,0.083266556
7971,0.07549185
7972,0.0105309645
7976,0.037982106
7977,0.32346165
7980,0.012732511
7981,0.09360093
7989,0.026177373
7996,0.11808846
7998,0.18445094
7999,0.06066231
8001,0.041882887
8008,0.018529963
8012,0.011306247
8017,0.07959391
8036,0.0060079335
8046,0.039044525
8048,0.056306843
8055,0.34118265
8060,0.03307706
8076,0.015967999
8079,0.32927057
8082,0.32661518
8083,0.053347714
8085,0.016578844
8091,0.023338746
8099,0.02065084
8102,0.054538462
8103,0.076420434
8106,0.03548247
8113,0.05628639
8114,0.021656983
8115,0.047254562
8117,0.050343636
8121,0.031100566
8132,0.33030897
8143,0.026748525
8146,0.03184472
8150,0.062449057
8157,0.19839567
8159,0.047725555
8180,0.019167261
8185,0.03315576
8186,0.092390835
8200,0.08293302
8202,0.043417923
8209,0.0059276517
8210,0.01640611
8211,0.4018543
8224,0.066151716
8231,0.19817123
8237,0.057973813
8244,0.15355869
8254,0.015298702
8260,0.07541387
8264,0.064476244
8265,0.021024358
8266,0.04070068
8272,0.08290058
8274,0.07078341
8276,0.10122463
8286,0.04267121
8292,0.10300684
8294,0.024945706
8307,0.1778205
8310,0.061796293
8315,0.041988604
8317,0.17247672
8324,0.1254556
8325,0.059061505
8334,0.13157068
8338,0.13579562
8344,0.051978298
8347,0.084859185
8350,0.009288649
8378,0.083387405
8380,0.04022111
8385,0.4411807
8386,0.32926375
8387,0.09142167
8393,0.028256513
8398,0.20407915
8400,0.05791897
8411,0.15398343
8416,0.08963226
8432,0.06412609
8455,0.022279786
8459,0.040011898
8461,0.29956803
8462,0.24868771
8463,0.048822116
8470,0.23014769
8478,0.10187813
8493,0.061523393
8500,0.22572006
8502,0.08184209
8524,0.04136532
8528,0.07083512
8537,0.02048711
8538,0.18984845
8543,0.030492667
8545,0.08607551
8553,0.051347762
8554,0.030506387
8559,0.01233063
8571,0.0340053
8573,0.018345332
8574,0.20245376
8582,0.2871197
8594,0.019133024
8596,0.026771368
8606,0.027169712
8614,0.17857698
8615,0.10175843
8618,0.079998106
8630,0.076910906
8639,0.48410398
8641,0.11621851
8644,0.06296306
8645,0.26717466
8650,0.035520017
8654,0.0046617384
8669,0.07492155
8676,0.12010204
8686,0.03303105
8691,0.087007694
8696,0.068903096
8699,0.36793163
8701,0.013011093
8704,0.07309307
8706,0.12971571
8709,0.58089966
8725,0.41982388
8726,0.19159156
8727,0.12190205
8738,0.17413318
8740,0.31616193
8744,0.006615104
8745,0.05512021
8760,0.05064613
8762,0.06813195
8763,0.34363824
8766,0.11194352
8776,0.011210238
8777,0.25429755
8778,0.23451988
8788,0.0043337336
8789,0.1150752
8795,0.032512162
8810,0.10546925
8812,0.19329542
8830,0.05601332
8835,0.31141317
8847,0.10322481
8851,0.013278292
8855,0.027017951
8861,0.04357661
8865,0.03277166
8870,0.052427206
8874,0.097275876
8895,0.019794982
8897,0.47084743
8905,0.20627786
8909,0.07015399
8921,0.051100053
8938,0.12436886
8943,0.033211693
8955,0.15795732
8965,0.078041784
8970,0.24639271
8971,0.028707119
8973,0.019421166
8976,0.047442675
8988,0.001974753
8991,0.12787065
8997,0.10995402
9006,0.11630941
9008,0.047270797
9010,0.016455058
9020,0.035619095
9022,0.17755264
9028,0.0885613
9031,0.007876141
9032,0.02136792
9035,0.0037852451
9043,0.024820518
9044,0.06532659
9058,0.01464927
9063,0.19819853
9066,0.015659884
9078,0.033724815
9088,0.012511833
9094,0.03599649
9100,0.03864773
9104,0.026065685
9128,0.24292001
9133,0.0126966685
9136,0.035986047
9137,0.04892867
9145,0.3075855
9149,0.15841478
9152,0.026346825
9155,0.060633082
9160,0.040197186
9164,0.037914388
9181,0.04636176
9193,0.00786108
9207,0.024700608
9214,0.13360281
9216,0.0061897133
9219,0.59442914
9222,0.056981508
9223,0.14756265
9228,0.04702249
9236,0.014866618
9238,0.10347219
9253,0.24187529
9255,0.29741332
9257,0.03663425
9259,0.016159134
9266,0.12423
9268,0.2858324
9271,0.18275063
9279,0.06560902
9281,0.24522524
9284,0.031415552
9289,0.050236795
9295,0.17640209
9296,0.10934745
9302,0.21859635
9304,0.09422258
9316,0.015974429
9317,0.36228764
9321,0.014279129
9335,0.038877424
9352,0.022683451
9364,0.015074156
9376,0.018417066
9389,0.085445516
9390,0.014233943
9401,0.012134166
9407,0.26088625
9409,0.11005951
9410,0.29650763
9411,0.030528149
9412,0.06488388
9416,0.27503532
9429,0.07077089
9433,0.021647142
9439,0.061720498
9442,0.023341767
9449,0.08970029
9456,0.05777239
9460,0.08627768
9465,0.08000558
9468,0.15107134
9490,0.023585819
9492,0.28237754
9496,0.039457787
9505,0.0415949
9510,0.011719169
9512,0.07454373
9518,0.036987744
9519,0.024631273
9523,0.02028323
9529,0.39607024
9531,0.017653815
9558,0.04467084
9594,0.03865543
9610,0.0028671941
9614,0.008937461
9623,0.0037090022
9628,0.006014404
9632,0.062554754
9635,0.34125632
9638,0.4393393
9639,0.0637887
9649,0.10662433
9653,0.022877106
9656,0.03336148
9658,0.041267723
9668,0.05459185
9671,0.6946654
9684,0.036907285
9709,0.08436603
9711,0.03154997
9716,0.06581081
9720,0.0666041
9731,0.042113688
9742,0.35408574
9755,0.036973223
9762,0.061121758
9795,0.038166896
9805,0.04690019
9815,0.055040523
9821,0.03895192
9823,0.21956576
9825,0.015570053
9831,0.070421785
9839,0.09514069
9841,0.15724805
9842,0.092514984
9848,0.10224661
9858,0.03342864
9860,0.005434819
9865,0.033388864
9867,0.0791344
9874,0.040898692
9905,0.053208657
9911,0.029425448
9927,0.18028426
9937,0.049219567
9938,0.0045217434
9939,0.020567682
9944,0.042446617
9945,0.019388987
9959,0.029852744
9961,0.047238316
9966,0.10185976
9973,0.09032357
9977,0.24320763
9987,0.08003815
9994,0.021357512
10000,0.068691045
10002,0.32752252
10007,0.04165783
10010,0.12547365
10012,0.12154509
10022,0.03659751
10025,0.02404999
10053,0.16138259
10069,0.2383334
10073,0.07186236
10084,0.013075141
10088,0.10683147
10098,0.09854145
10099,0.07011695
10108,0.46943933
10110,0.30760333
10119,0.68618447
10122,0.05498871
10125,0.10218395
10127,0.29726025
10132,0.13321929
10145,0.015997754
10151,0.020930683
10156,0.07434989
10163,0.24572763
10166,0.034671213
10172,0.32085374
10191,0.046173863
10193,0.100950785
10215,0.092500955
10220,0.08453924
10233,0.051995195
10236,0.046188183
10238,0.059286695
10242,0.15348135
10249,0.12439486
10250,0.03746159
10251,0.08020058
10254,0.09182078
10266,0.008198256
10267,0.12684384
10272,0.16014515
10278,0.0053181844
10279,0.1957599
10282,0.05451174
10287,0.03780263
10290,0.16466986
10291,0.08760798
10292,0.035861854
10296,0.63669187
10339,0.06385407
10340,0.03948451
10350,0.09685535
10353,0.08955288
10360,0.08891983
10371,0.38354093
10375,0.019118533
10386,0.04057195
10387,0.16054131
10389,0.13684314
10397,0.017052941
10407,0.3905639
10408,0.0074796607
10413,0.15027083
10414,0.120301194
10417,0.03050425
10453,0.05408438
10456,0.11476907
10459,0.036505725
10463,0.15578264
10471,0.008884682
10477,0.08314205
10479,0.0328033
10485,0.06763835
10488,0.027055003
10490,0.1132558
10491,0.20554876
10502,0.13408208
10507,0.39965424
10512,0.30902654
10516,0.033808704
10526,0.17273371
10548,0.070912205
10550,0.11287087
10553,0.25738552
10554,0.023210881
10555,0.06674207
10559,0.25881666
10560,0.24792297
10564,0.012804291
10567,0.049645405
10579,0.02235884
10580,0.057120454
10588,0.035639204
10591,0.01726947
10593,0.04887478
10596,0.023026891
10603,0.3972544
10615,0.09968366
10618,0.17713395
10621,0.03925268
10643,0.0049454765
10676,0.07231894
10682,0.01023555
10688,0.15648338
10690,0.028148683
10691,0.07621751
10692,0.036622692
10714,0.12454532
10739,0.027172832
10740,0.21749301
10742,0.07905403
10760,0.045728143
10769,0.07845418
10770,0.060015112
10775,0.020483017
10797,0.04070376
10801,0.19880655
10833,0.0058365087
10834,0.043530345
10841,0.027905889
10858,0.36201343
10862,0.1753239
10864,0.010877853
10877,0.023146056
10883,0.10114027
10885,0.077216335
10895,0.021999372
10903,0.0048233774
10905,0.047761142
10908,0.028038219
10911,0.053539805
10913,0.068513356
10923,0.14342892
10928,0.008372476
10935,0.04922462
10937,0.02998885
10947,0.27839908
10948,0.21481213
10952,0.008823469
10953,0.022910364
10957,0.1963877
10964,0.026656156
10973,0.0763883
10982,0.044037405
10984,0.104890466
10987,0.095701344
10999,0.06560866
11011,0.038359594
11024,0.27627656
11031,0.24556866
11037,0.06397291
11039,0.032263696
11045,0.017630948
11048,0.071226284
11055,0.08686493
11061,0.03185178
11066,0.035865434
11074,0.1791615
11075,0.014096717
11096,0.017713461
11107,0.0605179
11111,0.040778905
11123,0.0047161216
11125,0.100221574
11128,0.07754678
11136,0.06233586
11137,0.17541447
11141,0.02216313
11142,0.040674444
11154,0.28636783
11155,0.036435727
11178,0.1583035
11180,0.0016975203
11183,0.068346806
11188,0.022234898
11190,0.08091382
11198,0.0833197
11202,0.12979248
11211,0.07572517
11220,0.06280115
11221,0.02645417
11230,0.028579358
11247,0.0393073
11252,0.095538646
11255,0.0369334
11260,0.06495104
11263,0.32639518
11267,0.19783911
11275,0.045139197
11286,0.049572196
11287,0.0842868
11297,0.045095008
11304,0.06966241
11307,0.12581424
11310,0.043639343
11315,0.028181877
11319,0.010079067
11323,0.118218236
11332,0.017806375
11335,0.025463844
11355,0.27628073
11356,0.017308481
11365,0.07316117
11378,0.022870608
11382,0.15593526
11386,0.24499977
11396,0.29999748
11403,0.0702764
11404,0.054549407
11409,0.13892101
11418,0.079366066
11430,0.022894384
11436,0.17248577
11443,0.27874485
11450,0.041397076
11454,0.060498007
11456,0.035491303
11485,0.11143767
11493,0.027038226
11497,0.10528553
11501,0.026711764
11507,0.029072488
11508,0.08147127
11513,0.027771806
11516,0.09529108
11517,0.10078356
11537,0.009694577
11540,0.04517742
11548,0.25257558
11554,0.0435758
11560,0.013066426
11565,0.01570295
11570,0.12171054
11576,0.06856868
11583,0.020140303
11589,0.005798039
11592,0.017388629
11598,0.043694645
11599,0.16063161
11600,0.0970891
11601,0.4237624
11633,0.008674518
11650,0.046301667
11660,0.08265409
11663,0.1191225
11664,0.027782867
11666,0.014021322
11670,0.018584238
11689,0.031245766
11692,0.016168999
11696,0.11571566
11697,0.05549182
11698,0.051190093
11716,0.10026321
11717,0.4450587
11738,0.12171946
11744,0.04242359
11746,0.15105677
11748,0.09371597
11749,0.10403189
11753,0.023226766
11760,0.03435784
11770,0.11102516
11775,0.019075638
11776,0.02081932
11783,0.23533696
11786,0.0956277
11789,0.050500676
11801,0.09830176
11815,0.10299891
11825,0.21403413
11835,0.08522419
11866,0.037950873
11867,0.052511953
11868,0.025961468
11870,0.17622986
11872,0.016027695
11880,0.12343199
11899,0.03470266
11918,0.036876976
11931,0.5054859
11935,0.026640212
11939,0.026956806
11946,0.18781938
11951,0.02535129
11953,0.04528702
11956,0.040690698
11958,0.11960758
11960,0.015495564
11964,0.14770655
11966,0.031022454
11977,0.01925789
11988,0.0613457
12008,0.020178981
12011,0.054229144
12017,0.3056862
12020,0.15753032
12021,0.09556888
12028,0.094164155
12039,0.15619585
12047,0.023220565
12052,0.018860677
12056,0.05494405
12073,0.008284214
12085,0.05649355
12112,0.02044225
12121,0.00600161
12134,0.030411612
12138,0.12287073
12151,0.22481045
12161,0.022026738
12169,0.08876616
12173,0.021182958
12176,0.024702402
12177,0.020107811
12187,0.018130586
12189,0.3002275
12200,0.056927394
12204,0.028453931
12211,0.025786415
12227,0.017566511
12229,0.23531274
12233,0.027086137
12235,0.014264224
12252,0.1530798
12267,0.035752863
12304,0.009922046
12312,0.04976396
12316,0.21771038
12331,0.19731717
12348,0.008634148
12349,0.14870548
12362,0.030701317
12373,0.07675315
12381,0.011265149
12387,0.13837984
12389,0.038310055
12395,0.051312648
12401,0.17032294
12407,0.3587599
12412,0.039215017
12419,0.029821625
12420,0.049859878
12461,0.06767155
12466,0.029940993
12467,0.0031952248
12468,0.09916485
12486,0.302456
12487,0.013794799
12506,0.06737046
12508,0.05031222
12511,0.06822667
12523,0.07022548
12527,0.03668585
12540,0.07092365
12544,0.02489558
12550,0.15450984
12558,0.014769038
12561,0.0693412
12566,0.11439465
12569,0.123605736
12572,0.06770282
12574,0.10558269
12582,0.16683769
12587,0.01717444
12588,0.10667974
12592,0.014512047
12625,0.06585952
12629,0.009255438
12641,0.025072487
12650,0.07258373
12651,0.13943969
12661,0.30471307
12663,0.08138204
12667,0.020318283
12674,0.017674863
12677,0.047262583
12690,0.0729503
12695,0.40266183
12696,0.15187368
12697,0.077370554
12701,0.010592839
12702,0.073644556
12705,0.0073299184
12707,0.042978305
12720,0.19559044
12729,0.028205495
12730,0.14336392
12734,0.021911597
12738,0.087965265
12743,0.015179238
12744,0.1870911
12748,0.041532263
12754,0.023632597
12757,0.5485431
12773,0.16765489
12774,0.0112607
12784,0.005635997
12787,0.1094729
12798,0.045216616
12806,0.12053954
12807,0.051955078
12820,0.048107643
12826,0.29603276
12831,0.09512037
12833,0.041460264
12842,0.056719054
12845,0.11819224
12851,0.1724518
12857,0.17529449
12858,0.06383329
12877,0.077671684
12878,0.04840529
12880,0.11336484
12885,0.09422768
12887,0.038565308
12888,0.039872974
12889,0.049619056
12910,0.10444628
12916,0.11363168
12922,0.052600637
12928,0.24533843
12945,0.066266514
12964,0.17583898
12968,0.007852069
12969,0.1269917
12971,0.30556276
12976,0.060546342
12978,0.034669843
13009,0.3170191
13022,0.083860435
13030,0.014745702
13049,0.05039477
13053,0.01642193
13054,0.032786947
13056,0.15238199
13067,0.15258236
13078,0.09949653
13083,0.32669905
13084,0.5865182
13086,0.1507522
13090,0.036632273
13092,0.09167853
13093,0.06678194
13094,0.495873
13100,0.37820816
13104,0.02437931
13107,0.07369892
13111,0.066396125
13118,0.04883797
13121,0.048421096
13135,0.04413715
13140,0.15987001
13142,0.01424948
13151,0.15708981
13157,0.19163232
13174,0.18309774
13177,0.032003365
13185,0.10165354
13192,0.17516936
13206,0.03801641
13213,0.26669312
13214,0.020242708
13232,0.34202263
13233,0.05397687
13237,0.08030508
13240,0.13798198
13241,0.10966413
13244,0.20514746
13248,0.027754264
13258,0.12685557
13262,0.23836844
13266,0.2063869
13276,0.10546304
13277,0.019407356
13294,0.013773986
13300,0.01825206
13318,0.042607594
13319,0.19511059
13332,0.06597049
13342,0.13577761
13349,0.03813626
13352,0.0849192
13354,0.037893172
13356,0.041138683
13361,0.06799032
13368,0.17822132
13375,0.044287104
13379,0.009650235
13382,0.05778406
13390,0.17796095
13392,0.004561196
13405,0.014814931
13407,0.07895168
13415,0.059165858
13427,0.04562216
13439,0.33045012
13445,0.27467048
13452,0.085137
13475,0.23831081
13478,0.018216118
13479,0.16823086
13482,0.16043131
13494,0.5432417
13499,0.17596422
13510,0.25328675
13515,0.03408431
13528,0.006262794
13529,0.02153959
13531,0.15608193
13543,0.1229325
13548,0.16839477
13550,0.19877408
13560,0.11592427
13564,0.110932045
13568,0.43117753
13569,0.050436694
13579,0.06577619
13589,0.22619794
13596,0.24013484
13606,0.023592418
13609,0.021829626
13631,0.055061903
13632,0.057844058
13636,0.17377381
13638,0.02821598
13640,0.015457544
13642,0.04277855
13657,0.050329126
13669,0.043176245
13675,0.02203623
13676,0.004569368
13677,0.20213291
13687,0.13481972
13699,0.045607068
13705,0.018432228
13706,0.29982084
13707,0.081059135
13709,0.027039543
13715,0.077969216
13722,0.035154887
13739,0.14187092
13747,0.02689615
13749,0.46911412
13751,0.12886387
13758,0.20347936
13765,0.024603201
13767,0.22526276
13772,0.02440393
13775,0.014800592
13777,0.11809898
13778,0.21146873
13783,0.30159432
13786,0.019013103
13788,0.058772154
13813,0.20943496
13823,0.035249855
13844,0.2606752
13851,0.034621105
13857,0.113155745
13872,0.065652855
13874,0.02897065
13877,0.11826499
13881,0.014107623
13892,0.08956583
13898,0.22368982
13902,0.36730018
13906,0.09464244
13911,0.057915047
13913,0.037550103
13914,0.45231298
13916,0.015577912
13919,0.020280046
13928,0.21373607
13930,0.06573185
13943,0.16882391
13948,0.021418853
13952,0.007741782
13964,0.21986967
13966,0.1240734
13973,0.043132875
13985,0.093019135
13990,0.024055826
14006,0.4097033
14008,0.26413614
14010,0.02226077
14015,0.022866149
14025,0.04458541
14027,0.029250829
14029,0.011994534
14032,0.16006088
14042,0.02382012
14044,0.09051816
14047,0.5165963
14057,0.039167102
14063,0.62900716
14088,0.06744129
14093,0.09290471
14096,0.04510385
14097,0.14914072
14107,0.05390847
14110,0.038171217
14114,0.029034715
14120,0.0045173736
14134,0.018046908
14142,0.04362934
14153,0.01879716
14156,0.18290617
14160,0.039223444
14163,0.035283558
14167,0.09101939
14176,0.04359
14185,0.028648557
14200,0.17009991
14204,0.04648604
14206,0.008888474
14225,0.16880947
14227,0.16123344
14228,0.11980888
14235,0.0104731275
14244,0.003562331
14255,0.03557598
14257,0.26391327
14258,0.08744548
14265,0.083554514
14267,0.2127828
14269,0.04036194
14288,0.024694689
14295,0.0541359
14303,0.036056735
14305,0.4757336
14311,0.018914195
14321,0.038212713
14340,0.0605346
14343,0.0144923935
14345,0.018238826
14350,0.07845604
14364,0.044928122
14368,0.19128147
14379,0.11267128
14384,0.018878896
14386,0.045109868
14402,0.00868585
14408,0.07149824
14414,0.05376967
14422,0.04694711
14431,0.114208765
14436,0.021722535
14441,0.05680894
14489,0.051543638
14493,0.0062692696
14510,0.16280742
14525,0.05498188
14539,0.08828338
14541,0.070188165
14547,0.049749456
14550,0.025314763
14553,0.08533603
14554,0.10274579
14557,0.17197257
14566,0.527817
14569,0.114761695
14570,0.05777585
14584,0.21701466
14592,0.06267624
14602,0.09440035
14603,0.18510576
14610,0.02058
14612,0.56723315
14613,0.023213798
14615,0.053330738
14616,0.114345275
14617,0.09379186
14619,0.08419572
14621,0.025929123
14627,0.052398052
14640,0.12117335
14642,0.01490345
14644,0.011428829
14663,0.031559557
14672,0.24608651
14677,0.032617815
14678,0.01643072
14680,0.061761357
14681,0.018764315
14684,0.073090896
14696,0.121667884
14697,0.07585098
14700,0.018012429
14712,0.02044632
14713,0.25395232
14722,0.117083654
14744,0.014543827
14753,0.022187723
14754,0.13378343
14755,0.099413544
14765,0.046663914
14766,0.017104242
14770,0.08996447
14775,0.04093913
14778,0.048879612
14783,0.091861784
14788,0.03071311
14791,0.0771903
14804,0.021188354
14806,0.038622793
14808,0.028710334
14825,0.13270782
14832,0.04080301
14834,0.030366413
14837,0.3439582
14838,0.0065259547
14843,0.0987543
14845,0.022813752
14849,0.08027565
14851,0.037283514
14858,0.13289483
14865,0.25286373
14867,0.07594099
14871,0.032918695
14872,0.29950634
14879,0.020343944
14882,0.0403392
14884,0.012337519
14893,0.110043354
14900,0.06821942
14901,0.07854186
14904,0.15342271
14907,0.011143421
14908,0.026729954
14912,0.36902744
14920,0.10423893
14922,0.075748876
14929,0.02303001
14958,0.044120193
14962,0.21216233
14971,0.014395583
14976,0.025911294
14993,0.07775993
14998,0.03859688
15004,0.077094264
15015,0.060768444
15016,0.24885595
15022,0.5599748
15032,0.046400294
15040,0.010866571
15042,0.12376399
15062,0.27636373
15063,0.22717942
15065,0.042292904
15068,0.08613387
15078,0.39554763
15080,0.31246144
15092,0.025324166
15105,0.038499936
15112,0.16929126
15128,0.044943918
15136,0.026753057
15137,0.06549326
15157,0.41463992
15180,0.10208806
15191,0.09551659
15196,0.19267277
15202,0.22387734
